imagen_rgb,planta,nombre_comun,clase_id,subset
/app/imagenes/fbe0a6d4-15a0-39e3-aa64-784039620369.png,Apple,Apple_scab,0,train
/app/imagenes/7bada5c2-d718-3cda-9d79-561559301c48.png,Apple,Apple_scab,0,train
/app/imagenes/86946229-f4c8-3a56-ae13-9fde2ad61cf6.png,Apple,Apple_scab,0,train
/app/imagenes/afd18159-b286-37d8-b53d-e3b2539bfe35.png,Apple,Apple_scab,0,train
/app/imagenes/0d86fece-5d2f-39d8-97ba-86690d0b054b.png,Apple,Apple_scab,0,train
/app/imagenes/5593245f-95f1-3c20-84db-146192480c81.png,Apple,Apple_scab,0,train
/app/imagenes/b8c041f4-98ab-35bf-a14a-f4b21722c099.png,Apple,Apple_scab,0,train
/app/imagenes/6ba37889-63f3-367d-b6bc-5aa92455b6fc.png,Apple,Apple_scab,0,train
/app/imagenes/f40105ab-de5a-3127-9ea2-23da316ef137.png,Apple,Apple_scab,0,train
/app/imagenes/549a28a2-2147-3ffa-b9bd-f44a95bea51a.png,Apple,Apple_scab,0,train
/app/imagenes/d2fbfab2-5752-382b-816f-3755d52d9ff3.png,Apple,Apple_scab,0,train
/app/imagenes/773544d2-0ab4-3dde-b18a-e3d2f273affd.png,Apple,Apple_scab,0,train
/app/imagenes/ecbab616-7a13-32d7-bdb0-e9f949fa7f3e.png,Apple,Apple_scab,0,train
/app/imagenes/f829ddec-eec3-3e1e-81b6-e03d76b10cb5.png,Apple,Apple_scab,0,train
/app/imagenes/f7b3950d-d68c-3030-a6a7-4c140684733f.png,Apple,Apple_scab,0,train
/app/imagenes/92172180-03db-3c8c-b805-418dc423ef68.png,Apple,Apple_scab,0,train
/app/imagenes/c5690166-24e0-3957-92d3-9f3da609f7fa.png,Apple,Apple_scab,0,train
/app/imagenes/c266b292-7c10-3a33-bbde-691073eaeb92.png,Apple,Apple_scab,0,train
/app/imagenes/1a3c5515-7f3b-39d7-8abf-e25071bfc482.png,Apple,Apple_scab,0,train
/app/imagenes/4d10330a-1af7-3561-95f5-017186a6283d.png,Apple,Apple_scab,0,train
/app/imagenes/f01067b5-6863-3c95-9e90-4ff8a3f0a951.png,Apple,Apple_scab,0,train
/app/imagenes/bc40724d-c023-3a75-826e-e67a9c9763c6.png,Apple,Apple_scab,0,train
/app/imagenes/f818153a-9ff9-3234-a8ef-0a6a9cecb96c.png,Apple,Apple_scab,0,train
/app/imagenes/7dd12103-25b3-3a97-bd7a-13abac5beb68.png,Apple,Apple_scab,0,train
/app/imagenes/2229f77a-a2b9-3c81-bcb0-3ce938d0ef8e.png,Apple,Apple_scab,0,train
/app/imagenes/eaeb15d8-d447-3b62-9942-5ccfb900f325.png,Apple,Apple_scab,0,train
/app/imagenes/95786fa2-d1b2-35cf-9f00-2d1c36ba7d01.png,Apple,Apple_scab,0,train
/app/imagenes/e715868a-013d-3d3c-b4b9-18d3dfedc81f.png,Apple,Apple_scab,0,train
/app/imagenes/77d22a5e-0349-386c-b31b-4d9bfa8ab38d.png,Apple,Apple_scab,0,train
/app/imagenes/d16da4d6-28c5-3bee-af45-36cc4094cd08.png,Apple,Apple_scab,0,train
/app/imagenes/82342f97-3d32-3242-9c21-54e179a14b3f.png,Apple,Apple_scab,0,train
/app/imagenes/3a93c555-e267-327f-ace4-7ffb7711ca0a.png,Apple,Apple_scab,0,train
/app/imagenes/94405520-f262-38bf-8637-049726b5af3f.png,Apple,Apple_scab,0,train
/app/imagenes/ed72aaf0-a353-3299-9767-435812469615.png,Apple,Apple_scab,0,train
/app/imagenes/dffd3d11-dab8-3076-aa79-2e6d03ebb2e3.png,Apple,Apple_scab,0,train
/app/imagenes/7693e084-c648-3b9e-8235-4654f1d7a1f1.png,Apple,Apple_scab,0,train
/app/imagenes/981e5afd-d357-36c3-83b7-63cceb847369.png,Apple,Apple_scab,0,train
/app/imagenes/ce7bcdbd-019d-3bf5-b185-cac5a8d42343.png,Apple,Apple_scab,0,train
/app/imagenes/f82d9802-eeaa-3eba-bc62-9771513a011d.png,Apple,Apple_scab,0,train
/app/imagenes/9b39c0db-ea2d-3402-b53c-137907c6f45e.png,Apple,Apple_scab,0,train
/app/imagenes/94910de9-80cd-3722-802c-9d375c64442a.png,Apple,Apple_scab,0,train
/app/imagenes/e69d21c1-a18b-36e2-95f9-d68f3323f0c2.png,Apple,Apple_scab,0,train
/app/imagenes/1993cc8f-ce6e-33ed-97c4-e5849e8cfd44.png,Apple,Apple_scab,0,train
/app/imagenes/098f2fee-b980-31b9-bd67-4c46df74ccc5.png,Apple,Apple_scab,0,train
/app/imagenes/ac8dcd12-4b65-3106-bb1e-1d167a11f005.png,Apple,Apple_scab,0,train
/app/imagenes/9f5c7e08-2f1e-35fc-bab5-022346178d26.png,Apple,Apple_scab,0,train
/app/imagenes/7ead202c-8297-3ff2-81b2-06576b7d2649.png,Apple,Apple_scab,0,train
/app/imagenes/60dd2833-a544-3bfa-9a5c-5e8617968be0.png,Apple,Apple_scab,0,train
/app/imagenes/be0c8578-beb3-3155-bc7a-c3c377a892ce.png,Apple,Apple_scab,0,train
/app/imagenes/503c43a3-8062-3077-89e3-ac2d1b676234.png,Apple,Apple_scab,0,train
/app/imagenes/78394772-999c-350a-8fec-04afb54c8040.png,Apple,Apple_scab,0,train
/app/imagenes/9d85013b-5c81-3e58-ba03-f7db38ba5e3c.png,Apple,Apple_scab,0,train
/app/imagenes/ef601161-b8c3-3776-9749-a75c74647201.png,Apple,Apple_scab,0,train
/app/imagenes/6b56a643-5e3c-3036-bcb4-aa66bcdb89f4.png,Apple,Apple_scab,0,train
/app/imagenes/85163431-f8e4-39db-8abf-0d230f85ed8a.png,Apple,Apple_scab,0,train
/app/imagenes/66e36c5d-ce9d-3c6e-872c-d4d017f01012.png,Apple,Apple_scab,0,train
/app/imagenes/e551899b-ad47-3096-aa3e-de8bd2b8ae4d.png,Apple,Apple_scab,0,train
/app/imagenes/77a985c4-6eb5-391e-8924-7639815d65e8.png,Apple,Apple_scab,0,train
/app/imagenes/de3f5679-d30e-369d-ba37-7eca37a2f545.png,Apple,Apple_scab,0,train
/app/imagenes/fd18ee9f-8026-3cd6-8fe1-e0130e1a5ec3.png,Apple,Apple_scab,0,train
/app/imagenes/2eebbac0-f110-3891-b414-082d93a672b2.png,Apple,Apple_scab,0,train
/app/imagenes/9926ef64-9f9a-3bec-afbf-28c6dfd46a09.png,Apple,Apple_scab,0,train
/app/imagenes/2d16a5a0-ea8e-3591-9bc6-329568e1f7e1.png,Apple,Apple_scab,0,train
/app/imagenes/e8609470-1d3d-3622-80ae-79d29ac0748d.png,Apple,Apple_scab,0,train
/app/imagenes/409bb930-9ec7-3a94-b5f4-7e1bc03488df.png,Apple,Apple_scab,0,train
/app/imagenes/0131857f-4600-3689-b5bb-1491cc485cf9.png,Apple,Apple_scab,0,train
/app/imagenes/57f183f9-b2fa-31b6-9a91-81ab4e924f2f.png,Apple,Apple_scab,0,train
/app/imagenes/eb4271e5-fbd3-3663-976e-66e3ca5dadf1.png,Apple,Apple_scab,0,train
/app/imagenes/3023e4c5-3519-3310-b931-451461d03719.png,Apple,Apple_scab,0,train
/app/imagenes/bb11d99d-d633-3f26-9f3c-56e5b85b9694.png,Apple,Apple_scab,0,train
/app/imagenes/77757c44-350a-33f3-ac78-984857e49646.png,Apple,Black_rot,1,train
/app/imagenes/bea43113-6f3e-3a21-be14-02253ff40e70.png,Apple,Black_rot,1,train
/app/imagenes/533f2454-3ec6-3fc8-b8bc-ce1fe24fd8c4.png,Apple,Black_rot,1,train
/app/imagenes/86ba3b07-7107-38ac-b435-df0943f2dfe0.png,Apple,Black_rot,1,train
/app/imagenes/9e6de011-ca3e-34cd-8ccd-a44294264638.png,Apple,Black_rot,1,train
/app/imagenes/593d5ce8-4d0d-3920-b8a1-7650a33e0c0e.png,Apple,Black_rot,1,train
/app/imagenes/2addcaf4-3b7f-3c9b-827e-bce5ffee34fc.png,Apple,Black_rot,1,train
/app/imagenes/13b9132c-3519-3a24-84f2-b0373c17bffe.png,Apple,Black_rot,1,train
/app/imagenes/9f745f43-dda5-3ec1-a0bb-6f8082a59f74.png,Apple,Black_rot,1,train
/app/imagenes/63d07760-7a8f-3d37-9e69-e2dfb22cc2fd.png,Apple,Black_rot,1,train
/app/imagenes/44950c80-136e-3654-8704-cc2064a7c100.png,Apple,Black_rot,1,train
/app/imagenes/e506dac6-bbd0-31fd-a860-f20c6a963cd8.png,Apple,Black_rot,1,train
/app/imagenes/accc53c8-52fc-3554-9784-47de2dfc104a.png,Apple,Black_rot,1,train
/app/imagenes/3c778b2d-8198-3398-b646-060ea23fd342.png,Apple,Black_rot,1,train
/app/imagenes/0139d6d6-1239-3057-aa38-95b538e75b40.png,Apple,Black_rot,1,train
/app/imagenes/10bfdf89-94d1-371a-acba-311b50e7b0e3.png,Apple,Black_rot,1,train
/app/imagenes/9fad8cd5-b633-3b9f-a2a0-91255c0a8cd0.png,Apple,Black_rot,1,train
/app/imagenes/5438ce07-3394-3433-8b61-5c7bf7cf814b.png,Apple,Black_rot,1,train
/app/imagenes/0c733884-929c-36a6-9502-7b440da3051b.png,Apple,Black_rot,1,train
/app/imagenes/dea48f1d-2684-382b-b007-aa889d217f08.png,Apple,Black_rot,1,train
/app/imagenes/8cf01712-b6a1-34f4-83fc-41d1efb34d1b.png,Apple,Black_rot,1,train
/app/imagenes/c4486c7d-6844-34c9-a045-a22fd0f59b28.png,Apple,Black_rot,1,train
/app/imagenes/7077b31c-36bf-3591-b61b-be1fa2307eac.png,Apple,Black_rot,1,train
/app/imagenes/9eb91e88-fe43-3518-8e21-684fa4bbef1a.png,Apple,Black_rot,1,train
/app/imagenes/2ca2ce37-d6d0-3267-b47c-eabd91e0b81f.png,Apple,Black_rot,1,train
/app/imagenes/55543f50-31a9-3862-8211-65f7001f9d2c.png,Apple,Black_rot,1,train
/app/imagenes/5ffeb2d2-3223-3a4a-9d0f-c14c1b2c47c0.png,Apple,Black_rot,1,train
/app/imagenes/05a9b66d-f3c3-31ea-9aec-ff4f2645c0c1.png,Apple,Black_rot,1,train
/app/imagenes/768f8db6-004f-36fb-96cf-667edf316f66.png,Apple,Black_rot,1,train
/app/imagenes/9ffceddf-6bd2-3792-90b8-a940a396df61.png,Apple,Black_rot,1,train
/app/imagenes/ced52093-65cd-34c7-a387-589d691e7da3.png,Apple,Black_rot,1,train
/app/imagenes/8c70dad9-f08f-363b-990a-efe5c46d6f6e.png,Apple,Black_rot,1,train
/app/imagenes/0f80d30e-12b0-3431-afbd-bdd1749286ff.png,Apple,Black_rot,1,train
/app/imagenes/3deca3b9-7858-3e54-a737-12dd59368c59.png,Apple,Black_rot,1,train
/app/imagenes/6a7e0fbd-02a1-3d86-aa2e-0642da44f2d9.png,Apple,Black_rot,1,train
/app/imagenes/feaaf9f1-39d2-3c68-9a8e-0d83a03025e1.png,Apple,Black_rot,1,train
/app/imagenes/1b5b674c-90c7-3f2f-a2ea-bf29b7f85e96.png,Apple,Black_rot,1,train
/app/imagenes/49460bd7-f575-327c-9977-e3dea49b4c0c.png,Apple,Black_rot,1,train
/app/imagenes/db7fc2d9-6829-3b2b-ba06-23940077e4cf.png,Apple,Black_rot,1,train
/app/imagenes/1fe8359c-c302-31fc-b405-4493f7703c54.png,Apple,Black_rot,1,train
/app/imagenes/2b7a4967-b1a2-377a-b124-1bbf0ff6b119.png,Apple,Black_rot,1,train
/app/imagenes/25eed554-ae59-3b1e-a6b2-c86d89a66e57.png,Apple,Black_rot,1,train
/app/imagenes/ec84962f-ce6c-3b6d-9f16-17d0d5cd5ad0.png,Apple,Black_rot,1,train
/app/imagenes/de84e9d7-f755-3673-8d97-1393a23ee9ef.png,Apple,Black_rot,1,train
/app/imagenes/9b7871fa-c4df-3481-8d2a-c505c670eabb.png,Apple,Black_rot,1,train
/app/imagenes/6a279b52-642f-3a53-beee-3f5b0908e599.png,Apple,Black_rot,1,train
/app/imagenes/6233acff-9091-33bf-a8ce-c74969f0b24f.png,Apple,Black_rot,1,train
/app/imagenes/594811be-a643-3586-9fe4-e2f63044d447.png,Apple,Black_rot,1,train
/app/imagenes/00295637-9148-30b3-93be-fa99285158da.png,Apple,Black_rot,1,train
/app/imagenes/afc0b001-c059-390f-80ef-3cd7e41a25ce.png,Apple,Black_rot,1,train
/app/imagenes/a9f6a5a7-d1b9-300c-9a23-4141f3cbf3d6.png,Apple,Black_rot,1,train
/app/imagenes/7623420d-efe1-3926-9b6c-ac9061ea4c8b.png,Apple,Black_rot,1,train
/app/imagenes/3e617553-86fc-322c-8c81-535a9e7aba25.png,Apple,Black_rot,1,train
/app/imagenes/47b62558-9784-3bcd-8d36-13364d3d192a.png,Apple,Black_rot,1,train
/app/imagenes/9527df90-8b94-3e20-8020-fb6de20b1d52.png,Apple,Black_rot,1,train
/app/imagenes/01215aa1-d6b7-39df-89df-7b2ac7126863.png,Apple,Black_rot,1,train
/app/imagenes/9fdd8e0c-02f3-325b-b2fa-ec6ea82435ee.png,Apple,Black_rot,1,train
/app/imagenes/afcf50c3-c807-34be-85bc-b21fcedcba86.png,Apple,Black_rot,1,train
/app/imagenes/784668d5-4b6e-3b00-9a07-43062c73092e.png,Apple,Black_rot,1,train
/app/imagenes/8fab2894-541e-31ea-a7e2-8ea309a9249b.png,Apple,Black_rot,1,train
/app/imagenes/2862437f-701a-3aba-b32a-357c5118b3c7.png,Apple,Black_rot,1,train
/app/imagenes/26e86f3b-9eed-31b5-9546-c7caecf7ba41.png,Apple,Black_rot,1,train
/app/imagenes/7e93d41f-c7e3-3f27-b2d2-14a813e659c2.png,Apple,Black_rot,1,train
/app/imagenes/35ff74ae-5b5a-3a5b-9c98-05d1a5a6f1dd.png,Apple,Black_rot,1,train
/app/imagenes/735969b7-6106-34f6-b064-72a33c1eef81.png,Apple,Black_rot,1,train
/app/imagenes/79314ffe-7938-37ae-be73-a19631c4bb37.png,Apple,Black_rot,1,train
/app/imagenes/b2f1812a-c567-3296-80d5-1068a7511d9b.png,Apple,Black_rot,1,train
/app/imagenes/f41f1df2-6a29-3751-9cf6-fec7c87858a9.png,Apple,Black_rot,1,train
/app/imagenes/c9fc51a5-421c-3573-9f62-902e0f5327b7.png,Apple,Black_rot,1,train
/app/imagenes/b9eff301-c03d-3186-ab9b-b50796d20ecd.png,Apple,Black_rot,1,train
/app/imagenes/c04b0d94-d4f6-3a1d-9ec1-f6071c844c95.png,Apple,Cedar_apple_rust,2,train
/app/imagenes/68b9b348-b539-317a-bf04-3f6954f5b147.png,Apple,Cedar_apple_rust,2,train
/app/imagenes/3f3079ab-dbba-3483-afbb-dbc3520b33be.png,Apple,Cedar_apple_rust,2,train
/app/imagenes/d931da77-a574-346c-952f-fd288e50e3f9.png,Apple,Cedar_apple_rust,2,train
/app/imagenes/3de7c184-7238-3dad-ad71-5e4e5a029b4f.png,Apple,Cedar_apple_rust,2,train
/app/imagenes/8c3993fc-e217-3d75-8771-de8fdc996c92.png,Apple,Cedar_apple_rust,2,train
/app/imagenes/bb8d5df8-9630-3df0-9e3d-a17695a4fcd3.png,Apple,Cedar_apple_rust,2,train
/app/imagenes/34ec5d47-3702-38d2-8819-b6a7705e9c4a.png,Apple,Cedar_apple_rust,2,train
/app/imagenes/18a3c91f-ca89-369a-a191-377fbc591c2e.png,Apple,Cedar_apple_rust,2,train
/app/imagenes/e302a715-e028-3958-bfc5-b9779eb7ca11.png,Apple,Cedar_apple_rust,2,train
/app/imagenes/2d534d89-9352-3720-9cd9-00d277a69f85.png,Apple,Cedar_apple_rust,2,train
/app/imagenes/36707d89-6dfc-3d2f-8703-e886554be831.png,Apple,Cedar_apple_rust,2,train
/app/imagenes/17bfd14f-7518-3acf-bdc4-eab079f93a87.png,Apple,Cedar_apple_rust,2,train
/app/imagenes/7c9e316f-134f-3c5e-9836-0b84767c1121.png,Apple,Cedar_apple_rust,2,train
/app/imagenes/746d486d-8e27-3881-9356-8f23afd7abda.png,Apple,Cedar_apple_rust,2,train
/app/imagenes/a1e6dcb1-cfb6-3f22-b2ee-8196ed121c99.png,Apple,Cedar_apple_rust,2,train
/app/imagenes/aa2da901-b2a2-3f61-9764-441f384eb538.png,Apple,Cedar_apple_rust,2,train
/app/imagenes/9e76c058-36c8-3d8e-8ffc-954f95cd476f.png,Apple,Cedar_apple_rust,2,train
/app/imagenes/d3622142-f9c1-3cdc-b7af-2f23926f424c.png,Apple,Cedar_apple_rust,2,train
/app/imagenes/7d59c665-35c2-3efc-80f9-9cd10f54abc0.png,Apple,Cedar_apple_rust,2,train
/app/imagenes/d6030da1-04da-36c9-a2b5-0e223b362835.png,Apple,Cedar_apple_rust,2,train
/app/imagenes/a5e70a38-c66c-36a2-b1fa-7d98ed7e4ab2.png,Apple,Cedar_apple_rust,2,train
/app/imagenes/a28f5780-9cf5-3546-979f-0173bf61d8ee.png,Apple,Cedar_apple_rust,2,train
/app/imagenes/8290b253-5e24-3627-b988-653c5923a221.png,Apple,Cedar_apple_rust,2,train
/app/imagenes/f2b4f03a-059f-3117-af98-f1bb5a061a90.png,Apple,Cedar_apple_rust,2,train
/app/imagenes/9d3d4257-0e5c-3fb6-9155-7b0fffb85b82.png,Apple,Cedar_apple_rust,2,train
/app/imagenes/dc4ae87d-cf93-3370-911a-87f48923947f.png,Apple,Cedar_apple_rust,2,train
/app/imagenes/162bc749-d61d-34a4-a8cd-80cf55187bf8.png,Apple,Cedar_apple_rust,2,train
/app/imagenes/61c0bcf4-8340-3afb-97de-c192924643bf.png,Apple,Cedar_apple_rust,2,train
/app/imagenes/6f223eef-9a2a-3f97-a1dc-8be1bd8bc868.png,Apple,Cedar_apple_rust,2,train
/app/imagenes/8fbef613-70a6-3da4-9869-0461f9508e31.png,Apple,Cedar_apple_rust,2,train
/app/imagenes/27c0fca5-92ba-351b-8b67-6127e30fed62.png,Apple,Cedar_apple_rust,2,train
/app/imagenes/379c946b-7aff-39b6-87fc-c693a1238b65.png,Apple,Cedar_apple_rust,2,train
/app/imagenes/5a8d2f7e-6d7d-301f-a2d2-8e34b322bd91.png,Apple,Cedar_apple_rust,2,train
/app/imagenes/628a98c3-22c7-369a-b719-1f9efb034637.png,Apple,Cedar_apple_rust,2,train
/app/imagenes/c35146a9-f2ab-35d1-82ae-73925413de4c.png,Apple,Cedar_apple_rust,2,train
/app/imagenes/9c9b0589-4199-3241-96c9-3df66b9c9249.png,Apple,Cedar_apple_rust,2,train
/app/imagenes/bae13276-7005-33a7-9003-56ce4d635759.png,Apple,Cedar_apple_rust,2,train
/app/imagenes/e40c140b-87a5-39a3-82ed-b1f1413d17c7.png,Apple,Cedar_apple_rust,2,train
/app/imagenes/5a58606f-181a-3c50-aab1-d27600bc71a0.png,Apple,Cedar_apple_rust,2,train
/app/imagenes/1bbef0a8-e4d8-3d9f-9fd6-591b59571044.png,Apple,Cedar_apple_rust,2,train
/app/imagenes/a4587b00-358c-3501-9bea-a0d128613216.png,Apple,Cedar_apple_rust,2,train
/app/imagenes/0f51f8fa-6d28-3883-a8aa-c81e188abe28.png,Apple,Cedar_apple_rust,2,train
/app/imagenes/fa6b9cb4-57c8-340c-8648-8aec45b636bd.png,Apple,Cedar_apple_rust,2,train
/app/imagenes/1e975188-18cd-374d-9ab7-24973a3b363d.png,Apple,Cedar_apple_rust,2,train
/app/imagenes/3d4357dd-833d-3405-bf5f-6fca73dd01c1.png,Apple,Cedar_apple_rust,2,train
/app/imagenes/a9852d57-5a06-3908-b68a-05113662bf74.png,Apple,Cedar_apple_rust,2,train
/app/imagenes/b6811e68-8e13-3381-8747-4601711b2e2e.png,Apple,Cedar_apple_rust,2,train
/app/imagenes/b0b1d0be-7639-3eb8-aa08-8fc6e240412b.png,Apple,Cedar_apple_rust,2,train
/app/imagenes/43f82894-a36d-303b-ae7a-808c827609bd.png,Apple,Cedar_apple_rust,2,train
/app/imagenes/ff5a2b10-70da-3977-a2eb-444acc208f66.png,Apple,Cedar_apple_rust,2,train
/app/imagenes/73be4d1d-78dd-3963-b749-e9c4ff25146d.png,Apple,Cedar_apple_rust,2,train
/app/imagenes/eb31fee2-4e40-3706-a168-3476e75057ba.png,Apple,Cedar_apple_rust,2,train
/app/imagenes/2dd99a42-46c2-3e54-8608-31245d3392e5.png,Apple,Cedar_apple_rust,2,train
/app/imagenes/2ebf4209-86c6-3654-9dbf-31fea590ed1d.png,Apple,Cedar_apple_rust,2,train
/app/imagenes/d2133115-b42c-3661-b250-ca6bda89cfe0.png,Apple,Cedar_apple_rust,2,train
/app/imagenes/3e28d4b9-1352-3b60-8467-001639378082.png,Apple,Cedar_apple_rust,2,train
/app/imagenes/d034d51f-b464-3f58-9a79-253d0ecc6c94.png,Apple,Cedar_apple_rust,2,train
/app/imagenes/798ea97b-df55-34be-963e-d6c9b7fa4117.png,Apple,Cedar_apple_rust,2,train
/app/imagenes/179b4ad0-7e10-372a-82e6-924fcbaddc0d.png,Apple,Cedar_apple_rust,2,train
/app/imagenes/3eadf28f-274a-3d65-983d-37dd7a023808.png,Apple,Cedar_apple_rust,2,train
/app/imagenes/62fe62a5-09e7-3760-a4dd-95dfa4bf9455.png,Apple,Cedar_apple_rust,2,train
/app/imagenes/4fccfd5e-26a7-3139-8b84-ab40c53875ec.png,Apple,Cedar_apple_rust,2,train
/app/imagenes/c0af8726-8aa2-38e4-8935-1e3ab36de436.png,Apple,Cedar_apple_rust,2,train
/app/imagenes/1aa74ef4-b6f6-32ac-ac94-a202a7d853fe.png,Apple,Cedar_apple_rust,2,train
/app/imagenes/4207bed3-5ff9-3c66-9c2a-ec6356855b50.png,Apple,Cedar_apple_rust,2,train
/app/imagenes/22601381-347e-3aef-a65b-f1bdc28a0e40.png,Apple,Cedar_apple_rust,2,train
/app/imagenes/bb22d157-027a-3e57-a850-2e60727856d4.png,Apple,Cedar_apple_rust,2,train
/app/imagenes/74a2ebe8-0e78-3235-b80e-d76ba530cf45.png,Apple,Cedar_apple_rust,2,train
/app/imagenes/4a93cc04-400c-3573-9123-bec8015d84f6.png,Apple,Cedar_apple_rust,2,train
/app/imagenes/6c265189-8239-3391-adc7-2d960e16c763.png,Apple,healthy,3,train
/app/imagenes/10c3470d-809e-350a-8517-68ef2b6a7e20.png,Apple,healthy,3,train
/app/imagenes/a9a14373-9efb-3475-abef-427eb216a729.png,Apple,healthy,3,train
/app/imagenes/fc0e3eef-9024-3ec0-99f7-dc8255d1076e.png,Apple,healthy,3,train
/app/imagenes/34839dcc-2d0b-31f7-b5cc-560e01976ee4.png,Apple,healthy,3,train
/app/imagenes/1ff1fd39-55e5-31e0-9960-3b09b5a33465.png,Apple,healthy,3,train
/app/imagenes/ef1093a9-5f59-335f-93ad-054ec4ef4938.png,Apple,healthy,3,train
/app/imagenes/814b2df2-cb9c-34d4-8930-8854e13d2b19.png,Apple,healthy,3,train
/app/imagenes/f05430b5-4cbe-3b60-b97a-13297910247a.png,Apple,healthy,3,train
/app/imagenes/63ea5853-deaf-336b-8170-f9d887324c74.png,Apple,healthy,3,train
/app/imagenes/70d6bc72-b5bb-357b-9635-f7c5d105a6ca.png,Apple,healthy,3,train
/app/imagenes/9970d123-9cee-3f0b-86fe-3427ff9fdc8e.png,Apple,healthy,3,train
/app/imagenes/a63f06ea-2982-3444-b548-3f0d59797b7d.png,Apple,healthy,3,train
/app/imagenes/8c950bce-f99b-3fc6-a4e4-691f0eaa6769.png,Apple,healthy,3,train
/app/imagenes/ec5378f6-a1fe-33a8-9e37-765559b6bce7.png,Apple,healthy,3,train
/app/imagenes/6ebcfe67-421c-3add-934a-ac3f5e2a4e68.png,Apple,healthy,3,train
/app/imagenes/47fcb9ca-5e55-3d41-b774-0a716b62d28b.png,Apple,healthy,3,train
/app/imagenes/86d085f0-f0e6-3cc4-8d85-006026a09290.png,Apple,healthy,3,train
/app/imagenes/218cbb33-1d38-30ce-8830-8e1eba81a789.png,Apple,healthy,3,train
/app/imagenes/41cd21a8-0c47-378c-9739-4967ceba1b6f.png,Apple,healthy,3,train
/app/imagenes/e9a1734b-ac59-30c4-a1ef-a3db77158e4b.png,Apple,healthy,3,train
/app/imagenes/26580bd3-ea93-3333-a58e-61baf8996eb8.png,Apple,healthy,3,train
/app/imagenes/fa079bac-1091-303b-b6ef-55e01952a30b.png,Apple,healthy,3,train
/app/imagenes/a234882c-40e6-3493-99df-a69f1fafe800.png,Apple,healthy,3,train
/app/imagenes/b19914ab-43f6-3ae7-ac24-1a06ccf9de8e.png,Apple,healthy,3,train
/app/imagenes/68d61f27-4913-37eb-86dc-2c6128fbbe02.png,Apple,healthy,3,train
/app/imagenes/93aed8f0-8b6f-31f2-ac3f-a10ea13ca7a6.png,Apple,healthy,3,train
/app/imagenes/75a05879-833d-32f9-8969-b3e92b2417cf.png,Apple,healthy,3,train
/app/imagenes/be4b336f-a4cc-34bb-bd25-5abfa0961086.png,Apple,healthy,3,train
/app/imagenes/25b24347-b854-3971-8123-b9fa661499cc.png,Apple,healthy,3,train
/app/imagenes/be471e22-114c-3c9b-8d56-1baaa8018b8f.png,Apple,healthy,3,train
/app/imagenes/fed3c1c8-23eb-3c83-85e8-5c811fa61132.png,Apple,healthy,3,train
/app/imagenes/0348a562-9b6f-3470-887b-723bb3644d5b.png,Apple,healthy,3,train
/app/imagenes/912cfb36-7061-3f23-80ae-a20e82e4c92a.png,Apple,healthy,3,train
/app/imagenes/780c84f2-d41d-3dfe-a2ff-06092a353543.png,Apple,healthy,3,train
/app/imagenes/a99d6815-cfbe-3866-95a8-2aa89cada49c.png,Apple,healthy,3,train
/app/imagenes/0bd26489-6b7c-3c87-a585-5cb19ae55acf.png,Apple,healthy,3,train
/app/imagenes/1aeb45a2-5fcd-3a72-adb1-6bf7c3c74788.png,Apple,healthy,3,train
/app/imagenes/e78909b5-4dfe-3c62-b0f5-5ce8c1efc723.png,Apple,healthy,3,train
/app/imagenes/da74b08c-2d26-3f9c-9a20-63de83f12dcf.png,Apple,healthy,3,train
/app/imagenes/8a763492-331b-3235-92c6-b9ff5790d628.png,Apple,healthy,3,train
/app/imagenes/f8208cae-ee57-3adb-8742-6148eaeb8723.png,Apple,healthy,3,train
/app/imagenes/c1c5cf64-3bf2-302f-81c9-56ee2af80d13.png,Apple,healthy,3,train
/app/imagenes/30f871ec-dff3-3088-911f-67018b15d553.png,Apple,healthy,3,train
/app/imagenes/0ed9b66d-77b2-3b71-a612-704320d81d70.png,Apple,healthy,3,train
/app/imagenes/e1697404-08a2-3a6e-aeef-856ad23bd57f.png,Apple,healthy,3,train
/app/imagenes/aee68ddd-aaad-3911-8b48-c0080f1a349a.png,Apple,healthy,3,train
/app/imagenes/3475013e-4772-3c58-8cba-80c586a5c8e2.png,Apple,healthy,3,train
/app/imagenes/40f99757-6e0d-3be5-b578-2202f508735b.png,Apple,healthy,3,train
/app/imagenes/dbd17a0c-81c0-36db-ad76-a53dbe7b11d8.png,Apple,healthy,3,train
/app/imagenes/9e6e1bc0-68d8-31a1-b656-122271c02e90.png,Apple,healthy,3,train
/app/imagenes/14816f87-2dc7-359a-9b80-7a77cc3d58ef.png,Apple,healthy,3,train
/app/imagenes/b20c6c88-8d5f-39da-ae34-7ef7018b89d2.png,Apple,healthy,3,train
/app/imagenes/8adcf062-051a-30a1-9d90-59626f6d2239.png,Apple,healthy,3,train
/app/imagenes/019a10d6-702d-3ad0-b952-f79f9a2e3ed1.png,Apple,healthy,3,train
/app/imagenes/9910f5b9-cb27-349e-97f8-584d145a5168.png,Apple,healthy,3,train
/app/imagenes/95fdfdfb-f385-3c2e-b49f-ac5e2dfa85ce.png,Apple,healthy,3,train
/app/imagenes/b33764ac-9f36-37b2-a48b-e4b0b640ccd0.png,Apple,healthy,3,train
/app/imagenes/0dfd102b-6af6-34ce-9a53-b57c51ba4253.png,Apple,healthy,3,train
/app/imagenes/b66d2da7-a117-3b2a-8013-c2dae14a9d49.png,Apple,healthy,3,train
/app/imagenes/78fa97e9-4a8f-3050-aec3-91c0357c2193.png,Apple,healthy,3,train
/app/imagenes/bb8dcdbb-a4e4-3f42-bbf6-0185a61bf74e.png,Apple,healthy,3,train
/app/imagenes/6c4e464c-0e78-3198-8289-8d60a13cee67.png,Apple,healthy,3,train
/app/imagenes/f7751691-6aec-3fd9-a44a-b95755bd726f.png,Apple,healthy,3,train
/app/imagenes/82154eb8-3dcb-3e8b-b0f2-d69ba346addd.png,Apple,healthy,3,train
/app/imagenes/270fd1c1-a510-3f55-b195-9ea6c24f5b35.png,Apple,healthy,3,train
/app/imagenes/af976cac-21bf-38ae-9b35-6be4453c5f4b.png,Apple,healthy,3,train
/app/imagenes/9712ec4f-50e0-3511-84e3-6c67ecdcdf3d.png,Apple,healthy,3,train
/app/imagenes/0d9bb91c-c40c-3604-a88e-445f2dc22649.png,Apple,healthy,3,train
/app/imagenes/c7642ed0-31ae-3713-8de9-cf3bd22c7462.png,Apple,healthy,3,train
/app/imagenes/7078c165-0e9e-3437-ac17-a113f24ee5ba.png,Blueberry,healthy,4,train
/app/imagenes/d74effe3-b1db-323d-ad41-136901c797b2.png,Blueberry,healthy,4,train
/app/imagenes/eb2cf559-0d06-3d8b-8107-2fc976d7b5b6.png,Blueberry,healthy,4,train
/app/imagenes/37337e36-0f91-31d5-b8bb-dd060c6c33da.png,Blueberry,healthy,4,train
/app/imagenes/7a231b62-0066-3d84-8d6a-60ed54413bd8.png,Blueberry,healthy,4,train
/app/imagenes/ac8efa27-790d-3a73-be50-ce756c253185.png,Blueberry,healthy,4,train
/app/imagenes/d09a3441-0c8b-36b5-971c-2711ef27d44c.png,Blueberry,healthy,4,train
/app/imagenes/cac63813-35f1-35c5-bf0f-14082b14c448.png,Blueberry,healthy,4,train
/app/imagenes/e5e7636d-c967-3f59-9296-11e3cd1ea4d3.png,Blueberry,healthy,4,train
/app/imagenes/96a68057-8175-3081-ab2e-61601503097f.png,Blueberry,healthy,4,train
/app/imagenes/74cdad42-dd33-3ff1-99c2-a9a727c9414e.png,Blueberry,healthy,4,train
/app/imagenes/eabef84f-a3f8-343a-8c78-0737c7af5c20.png,Blueberry,healthy,4,train
/app/imagenes/598403b7-3bbe-3794-955c-34ba2e0e1a4f.png,Blueberry,healthy,4,train
/app/imagenes/b35116e4-8750-35c3-8ff7-f55c63ff90c1.png,Blueberry,healthy,4,train
/app/imagenes/c3be4e2b-0a6f-3345-9446-75d56b5a06b1.png,Blueberry,healthy,4,train
/app/imagenes/e3c2b1a0-c2ca-3d32-9d03-4e522ee5c826.png,Blueberry,healthy,4,train
/app/imagenes/234d7cce-e88f-3679-8bb0-250934db87f5.png,Blueberry,healthy,4,train
/app/imagenes/aafaf45a-1f7c-3a9d-8671-f7e69997ac10.png,Blueberry,healthy,4,train
/app/imagenes/4b8bd5fb-6ef8-3c63-ab3b-3bbb62323c4a.png,Blueberry,healthy,4,train
/app/imagenes/8d5adc0f-a404-31db-a304-9a9bfe6df4fe.png,Blueberry,healthy,4,train
/app/imagenes/566ee9d3-cc8e-3a07-beb7-f0d06dc3d53e.png,Blueberry,healthy,4,train
/app/imagenes/33c4cbff-cafa-3909-96d1-3de8954470d0.png,Blueberry,healthy,4,train
/app/imagenes/aae72dd9-4c1b-3148-b7c7-9467c259d78f.png,Blueberry,healthy,4,train
/app/imagenes/fd03e85c-df44-3215-a0d5-7f6c9ce75306.png,Blueberry,healthy,4,train
/app/imagenes/252b4eab-fbf7-3f87-a1fb-5cdff99cac26.png,Blueberry,healthy,4,train
/app/imagenes/a7cadec1-9ebc-3704-bbe5-b67f8622664d.png,Blueberry,healthy,4,train
/app/imagenes/ea95ccca-934d-32d1-bd87-b265fb3ed38a.png,Blueberry,healthy,4,train
/app/imagenes/19192a9e-a94c-3420-b687-815fbf43420f.png,Blueberry,healthy,4,train
/app/imagenes/3304c145-0ca5-3691-8def-df0ddac319ee.png,Blueberry,healthy,4,train
/app/imagenes/d23090e6-8658-399e-ba92-8df96bb61cd5.png,Blueberry,healthy,4,train
/app/imagenes/fdef5142-7b2a-39dd-90b8-d63d906297d3.png,Blueberry,healthy,4,train
/app/imagenes/e09a0e1a-09d9-3dc4-a94b-61309469e6e1.png,Blueberry,healthy,4,train
/app/imagenes/09e50227-16f8-3f7b-a5e4-a7d05086858f.png,Blueberry,healthy,4,train
/app/imagenes/539de63a-a99a-3782-802c-632068757b5a.png,Blueberry,healthy,4,train
/app/imagenes/a9b6b172-7d36-363d-a1b0-1f24c911449b.png,Blueberry,healthy,4,train
/app/imagenes/3fc725b6-5a8b-3e87-8281-e50faa6dc6ef.png,Blueberry,healthy,4,train
/app/imagenes/b5d6f94c-7d11-39e2-93b2-bf48fab2d6f7.png,Blueberry,healthy,4,train
/app/imagenes/6782ec61-6a3f-3d60-b9f4-d5389e1182b7.png,Blueberry,healthy,4,train
/app/imagenes/1ca17fc4-b547-36f2-841f-7463bf2190ee.png,Blueberry,healthy,4,train
/app/imagenes/ced3f84b-44ae-33e7-924a-52fe0ff10a63.png,Blueberry,healthy,4,train
/app/imagenes/bcc80af2-3cc6-385a-8eb1-2b1c62951bfa.png,Blueberry,healthy,4,train
/app/imagenes/87c7a48f-1d2c-3226-ac2b-f253d1a24a99.png,Blueberry,healthy,4,train
/app/imagenes/17f00249-efef-3417-b15c-9d6f572f7940.png,Blueberry,healthy,4,train
/app/imagenes/4daf6ee4-3f7f-3528-9c62-d22302f85367.png,Blueberry,healthy,4,train
/app/imagenes/efd516a5-d482-39f7-b776-a6b9a01e9511.png,Blueberry,healthy,4,train
/app/imagenes/3e83e8ac-4e1c-35e8-a5e8-eeb81f01f110.png,Blueberry,healthy,4,train
/app/imagenes/51b1cded-0cb4-31c1-8bc3-ef9c03565a98.png,Blueberry,healthy,4,train
/app/imagenes/4a9e1170-b72d-3911-b274-a505dd998744.png,Blueberry,healthy,4,train
/app/imagenes/9960e800-0689-3e8e-9475-7461a4d524a7.png,Blueberry,healthy,4,train
/app/imagenes/72bb36c4-1532-383e-a466-dea7c99e46f2.png,Blueberry,healthy,4,train
/app/imagenes/59178fc5-34ee-3818-ba70-ee1731b4efc6.png,Blueberry,healthy,4,train
/app/imagenes/123c475d-00c8-3ca8-b26d-ed199ee00cbd.png,Blueberry,healthy,4,train
/app/imagenes/88159db9-9090-379a-8a76-8d68e6bd7c21.png,Blueberry,healthy,4,train
/app/imagenes/d62916b0-49cf-3514-9096-b6bfec257b5b.png,Blueberry,healthy,4,train
/app/imagenes/a72d12d8-2d58-3a46-a8bc-87d0849bca85.png,Blueberry,healthy,4,train
/app/imagenes/ed9513e7-5ca9-35b4-a6aa-25eab72fd040.png,Blueberry,healthy,4,train
/app/imagenes/4aaa211f-04ac-3c36-87e3-87a4f4829a5f.png,Blueberry,healthy,4,train
/app/imagenes/004994f8-7d09-3e73-be3e-30790de609b5.png,Blueberry,healthy,4,train
/app/imagenes/864ff134-87c0-384e-9e8e-5f1c0d0fa63c.png,Blueberry,healthy,4,train
/app/imagenes/56b0b5d8-035f-3d09-bdd9-877b79bd968f.png,Blueberry,healthy,4,train
/app/imagenes/95291aac-6332-3542-983d-1f0d3673e7b9.png,Blueberry,healthy,4,train
/app/imagenes/95f9054b-6a9d-3219-aaae-65dcb64e7f15.png,Blueberry,healthy,4,train
/app/imagenes/da58f2a2-2b2d-349f-87a9-58768095df03.png,Blueberry,healthy,4,train
/app/imagenes/44fff3bb-0a53-3af8-919b-4fcbb97b2093.png,Blueberry,healthy,4,train
/app/imagenes/bc66b656-1fd0-3737-99ad-202fbe6cbeef.png,Blueberry,healthy,4,train
/app/imagenes/f8d2058f-a18e-3597-97a7-e82ba30a76e9.png,Blueberry,healthy,4,train
/app/imagenes/7948610a-6584-36e3-829d-8c174e930d6d.png,Blueberry,healthy,4,train
/app/imagenes/db45b513-e197-325b-a249-1c00996fcb0c.png,Blueberry,healthy,4,train
/app/imagenes/99c972e7-0ca2-3007-9a64-b80527c7bf3e.png,Blueberry,healthy,4,train
/app/imagenes/613ab57b-033b-31aa-a40b-cd808122130b.png,Blueberry,healthy,4,train
/app/imagenes/7f6451ba-2955-365c-81bc-004371850ac4.png,Cherry_(including_sour),healthy,5,train
/app/imagenes/eed4e882-fc10-3b7f-a1de-03efdae893fe.png,Cherry_(including_sour),healthy,5,train
/app/imagenes/4427e579-b421-358e-b7d2-08d156f79529.png,Cherry_(including_sour),healthy,5,train
/app/imagenes/21b0fdfb-5401-3c5e-a59d-c38b627763d8.png,Cherry_(including_sour),healthy,5,train
/app/imagenes/4f3103d7-ba5b-3d76-bf12-18822ae80c31.png,Cherry_(including_sour),healthy,5,train
/app/imagenes/e691ca23-37af-32d7-bd82-b37fcbf8ed16.png,Cherry_(including_sour),healthy,5,train
/app/imagenes/6bedff15-9332-3745-820e-6b8bdc2a1364.png,Cherry_(including_sour),healthy,5,train
/app/imagenes/1ea43c41-7aaf-3d73-9282-4e71e40186ab.png,Cherry_(including_sour),healthy,5,train
/app/imagenes/e379be8d-c350-3de6-83e2-769ab343ad39.png,Cherry_(including_sour),healthy,5,train
/app/imagenes/e29f0840-2a5a-37ed-b1ac-96aca11fcf0d.png,Cherry_(including_sour),healthy,5,train
/app/imagenes/7a4779a7-d45d-32cd-927a-fba3c66d6b09.png,Cherry_(including_sour),healthy,5,train
/app/imagenes/e3a89405-054e-3b51-a876-91a4dac3b675.png,Cherry_(including_sour),healthy,5,train
/app/imagenes/9a7d60e7-78b9-3b94-9e89-dd172ce051af.png,Cherry_(including_sour),healthy,5,train
/app/imagenes/5bec8bb7-cc01-3e52-a5d0-0291fd4f23c1.png,Cherry_(including_sour),healthy,5,train
/app/imagenes/59aa0278-7495-3f7f-9649-c37e26f343b2.png,Cherry_(including_sour),healthy,5,train
/app/imagenes/857faa0d-30ca-3826-a244-9dc2593aa2f1.png,Cherry_(including_sour),healthy,5,train
/app/imagenes/822ad56b-1c6c-352d-8334-33bc77f8c67c.png,Cherry_(including_sour),healthy,5,train
/app/imagenes/e3de097a-8d6b-389f-a60e-8b10fea52c12.png,Cherry_(including_sour),healthy,5,train
/app/imagenes/665947df-4392-39a8-aabb-d936122e9b20.png,Cherry_(including_sour),healthy,5,train
/app/imagenes/f9605dc1-aae6-34f4-9605-be43ee1f34c3.png,Cherry_(including_sour),healthy,5,train
/app/imagenes/1b11edd7-2025-3d49-a4ac-8951e5fbf8aa.png,Cherry_(including_sour),healthy,5,train
/app/imagenes/3b9de897-b691-33bc-a258-444867e1dbcc.png,Cherry_(including_sour),healthy,5,train
/app/imagenes/4baf56d9-5cd6-3baa-af96-226a9016ffba.png,Cherry_(including_sour),healthy,5,train
/app/imagenes/3a9bcf74-cae0-30f7-b9ee-458ec3b4ce51.png,Cherry_(including_sour),healthy,5,train
/app/imagenes/f7529ed7-2a30-34cd-a8ba-c9f53d8722f8.png,Cherry_(including_sour),healthy,5,train
/app/imagenes/64edf6de-ebc6-38b7-b12a-f6e541bc0729.png,Cherry_(including_sour),healthy,5,train
/app/imagenes/cb09bc49-27b3-35c4-8166-d056fc706d1b.png,Cherry_(including_sour),healthy,5,train
/app/imagenes/01b1110b-4a85-3452-a655-6dae39856f3f.png,Cherry_(including_sour),healthy,5,train
/app/imagenes/7752a3ee-ce9b-3e9f-831b-ff8cb0c73acf.png,Cherry_(including_sour),healthy,5,train
/app/imagenes/fe2ef518-1a5b-3149-bb32-a7c1411531b5.png,Cherry_(including_sour),healthy,5,train
/app/imagenes/d78d37fe-efd1-30bc-a408-f322520cd4dc.png,Cherry_(including_sour),healthy,5,train
/app/imagenes/e4adfb56-3072-3645-aed3-b7700b8f43ec.png,Cherry_(including_sour),healthy,5,train
/app/imagenes/195f3a1b-dd3b-33a7-868e-f19df30d260e.png,Cherry_(including_sour),healthy,5,train
/app/imagenes/ff09d084-2c03-3458-841e-d722c8d72149.png,Cherry_(including_sour),healthy,5,train
/app/imagenes/4abcfb1f-c27a-35b8-b712-a843a82176e7.png,Cherry_(including_sour),healthy,5,train
/app/imagenes/507bf0b0-d21d-3c88-9666-0333383081f6.png,Cherry_(including_sour),healthy,5,train
/app/imagenes/2831841c-2ed6-3135-b209-08b63faa85ca.png,Cherry_(including_sour),healthy,5,train
/app/imagenes/e9a03e4a-333c-37e7-8a0a-c7ca245acac3.png,Cherry_(including_sour),healthy,5,train
/app/imagenes/5d53ec99-cbf5-3c74-87fc-704f4b2153f8.png,Cherry_(including_sour),healthy,5,train
/app/imagenes/6a666376-2611-3fa9-a0b7-6c2cb0783790.png,Cherry_(including_sour),healthy,5,train
/app/imagenes/9dfc2faa-9db3-3787-b3f5-148a81899d7f.png,Cherry_(including_sour),healthy,5,train
/app/imagenes/8021c432-5ca3-3e8b-bfba-f3c0349f48c1.png,Cherry_(including_sour),healthy,5,train
/app/imagenes/671985a6-06a5-3b82-9aaa-90a52baaa678.png,Cherry_(including_sour),healthy,5,train
/app/imagenes/7abcaf7f-d8b6-3c4b-a752-d1750b4c8d88.png,Cherry_(including_sour),healthy,5,train
/app/imagenes/77b50785-c259-3f6b-b37e-42ed4cd2aabb.png,Cherry_(including_sour),healthy,5,train
/app/imagenes/acf9ab06-8886-3a28-8a6d-6fe4f43a1595.png,Cherry_(including_sour),healthy,5,train
/app/imagenes/b06c8f1d-0a03-3741-88ab-7567a6a120c6.png,Cherry_(including_sour),healthy,5,train
/app/imagenes/f32a80fc-3d5d-3820-b86c-58b90a6f51bc.png,Cherry_(including_sour),healthy,5,train
/app/imagenes/cc4e8e1b-4a6d-3172-a4a2-805ce202dcfe.png,Cherry_(including_sour),healthy,5,train
/app/imagenes/ee281066-2f11-30fa-a801-41baaa1a959f.png,Cherry_(including_sour),healthy,5,train
/app/imagenes/779a00ef-64e7-3115-a030-81313fd3772b.png,Cherry_(including_sour),healthy,5,train
/app/imagenes/06a3dd25-babc-3702-a2fc-616943a1cc84.png,Cherry_(including_sour),healthy,5,train
/app/imagenes/9b23807c-afa4-342d-b09b-f93314eec0a2.png,Cherry_(including_sour),healthy,5,train
/app/imagenes/6056b5e6-df97-3107-addb-1072eb178fc7.png,Cherry_(including_sour),healthy,5,train
/app/imagenes/36e52b66-b932-36a4-a05a-1c4bfb345960.png,Cherry_(including_sour),healthy,5,train
/app/imagenes/e8c95776-78fd-31ff-b8e8-63299113bac6.png,Cherry_(including_sour),healthy,5,train
/app/imagenes/dc2db1c9-b880-3b9c-a605-99b49ddafc4d.png,Cherry_(including_sour),healthy,5,train
/app/imagenes/61c8aff7-8380-3e6c-bb4d-5d7c9fe2bc2a.png,Cherry_(including_sour),healthy,5,train
/app/imagenes/89df602e-7a87-3cdc-a195-772a604c6793.png,Cherry_(including_sour),healthy,5,train
/app/imagenes/840394b4-3a20-319b-81db-8f52e1798871.png,Cherry_(including_sour),healthy,5,train
/app/imagenes/83d6cb49-42aa-3601-9bff-93376b298e7a.png,Cherry_(including_sour),healthy,5,train
/app/imagenes/ba0174a3-ead4-3d49-b40c-f2bf45a600c3.png,Cherry_(including_sour),healthy,5,train
/app/imagenes/0438c2ef-9f7e-3c4a-b3ee-f95e89c9c28e.png,Cherry_(including_sour),healthy,5,train
/app/imagenes/b780dcb7-36b6-379e-9153-81e6e58a8d8f.png,Cherry_(including_sour),healthy,5,train
/app/imagenes/b4624858-5ab1-3ff8-9b47-77780280abcf.png,Cherry_(including_sour),healthy,5,train
/app/imagenes/5d62770d-d635-35e9-9362-fb552cabd0aa.png,Cherry_(including_sour),healthy,5,train
/app/imagenes/6c428f6f-8a80-359e-a906-e9a47ede1a65.png,Cherry_(including_sour),healthy,5,train
/app/imagenes/d23dcc6d-45b6-39fd-9836-61267a6f915d.png,Cherry_(including_sour),healthy,5,train
/app/imagenes/5997b4d1-8a6a-3133-8f0a-8b611dea4f93.png,Cherry_(including_sour),healthy,5,train
/app/imagenes/b8a92970-bf3d-3e62-8367-3ca62d45353c.png,Cherry_(including_sour),healthy,5,train
/app/imagenes/6f2b0877-eaf2-30c8-ada8-d56f895c8406.png,Cherry_(including_sour),Powdery_mildew,6,train
/app/imagenes/16743530-9081-397e-826f-eb6abe0358e3.png,Cherry_(including_sour),Powdery_mildew,6,train
/app/imagenes/c5015a22-f14c-3200-bc98-818d0a3d752b.png,Cherry_(including_sour),Powdery_mildew,6,train
/app/imagenes/a33c2777-3966-34c5-b327-c8677d518c6d.png,Cherry_(including_sour),Powdery_mildew,6,train
/app/imagenes/de9b9cca-4c45-3a55-84fe-dbd4d604800a.png,Cherry_(including_sour),Powdery_mildew,6,train
/app/imagenes/35eae193-e986-33e5-a92f-a754fe54c3bb.png,Cherry_(including_sour),Powdery_mildew,6,train
/app/imagenes/a5db03df-0090-3fc7-b91f-17d0a4495449.png,Cherry_(including_sour),Powdery_mildew,6,train
/app/imagenes/47728abd-5419-3bc8-bdbb-c71e39852cf8.png,Cherry_(including_sour),Powdery_mildew,6,train
/app/imagenes/845286b6-b6d5-3076-8340-2436eef1fc27.png,Cherry_(including_sour),Powdery_mildew,6,train
/app/imagenes/1b17fde7-62ab-36f0-971c-6faab04ba4f3.png,Cherry_(including_sour),Powdery_mildew,6,train
/app/imagenes/94e1364c-2798-3571-af12-cd722496bacb.png,Cherry_(including_sour),Powdery_mildew,6,train
/app/imagenes/7830f83f-c333-34af-bc29-4f7e2c330bbb.png,Cherry_(including_sour),Powdery_mildew,6,train
/app/imagenes/338c38f5-6aad-3c29-8df9-458582e3fde5.png,Cherry_(including_sour),Powdery_mildew,6,train
/app/imagenes/0a118156-d76c-34f2-939f-146fbc869c07.png,Cherry_(including_sour),Powdery_mildew,6,train
/app/imagenes/400146d6-4d80-3559-853d-bde6b781bcfd.png,Cherry_(including_sour),Powdery_mildew,6,train
/app/imagenes/1263caa2-3a56-3485-bc42-9caf931312d5.png,Cherry_(including_sour),Powdery_mildew,6,train
/app/imagenes/0c58d1a0-890d-344a-9df1-5cf0643ab07e.png,Cherry_(including_sour),Powdery_mildew,6,train
/app/imagenes/d771e7a2-6402-3238-a8fe-ab104c742512.png,Cherry_(including_sour),Powdery_mildew,6,train
/app/imagenes/d04c9a99-23d5-34b3-9766-0dd7401fa552.png,Cherry_(including_sour),Powdery_mildew,6,train
/app/imagenes/c69d315f-b557-3f8a-98c8-293d34621719.png,Cherry_(including_sour),Powdery_mildew,6,train
/app/imagenes/c8a2fda0-eb6e-3b8a-b1b6-9b1aaa54fed1.png,Cherry_(including_sour),Powdery_mildew,6,train
/app/imagenes/c6037c42-2580-3355-b2b1-06d3b4d09909.png,Cherry_(including_sour),Powdery_mildew,6,train
/app/imagenes/8fe6ca9e-1d23-3b91-8128-e30ed285c045.png,Cherry_(including_sour),Powdery_mildew,6,train
/app/imagenes/75973d62-3ba2-3e1d-bcd3-5cc1b5d542c8.png,Cherry_(including_sour),Powdery_mildew,6,train
/app/imagenes/0b8f29b9-af17-3aa1-b0f7-c4479f0fc409.png,Cherry_(including_sour),Powdery_mildew,6,train
/app/imagenes/acea7a2f-24b8-3ca7-9a39-5dde17b17581.png,Cherry_(including_sour),Powdery_mildew,6,train
/app/imagenes/6ccfc2a9-d85b-3f8c-b11d-de70839fdcf7.png,Cherry_(including_sour),Powdery_mildew,6,train
/app/imagenes/cd615b10-eba8-355d-9fe1-f2d9b1443270.png,Cherry_(including_sour),Powdery_mildew,6,train
/app/imagenes/11490016-7a3d-31ab-bd1d-2c1ad2d866a4.png,Cherry_(including_sour),Powdery_mildew,6,train
/app/imagenes/be5a4963-1985-3d9f-b0df-94da02e6015f.png,Cherry_(including_sour),Powdery_mildew,6,train
/app/imagenes/ec7aee43-75b8-38ee-80b8-5d1962ba0b2f.png,Cherry_(including_sour),Powdery_mildew,6,train
/app/imagenes/3590d95a-93ff-3656-bd5e-f1ee5f3dc155.png,Cherry_(including_sour),Powdery_mildew,6,train
/app/imagenes/9dc6e10e-ee08-3080-aaf1-25f2e1257cab.png,Cherry_(including_sour),Powdery_mildew,6,train
/app/imagenes/68430422-2f1c-3997-a8c5-a566ac3e60f2.png,Cherry_(including_sour),Powdery_mildew,6,train
/app/imagenes/86dbe3f0-6325-3e5f-8ff6-786c0098f015.png,Cherry_(including_sour),Powdery_mildew,6,train
/app/imagenes/3c5b0e93-65e0-3a67-868e-8f107a86ee80.png,Cherry_(including_sour),Powdery_mildew,6,train
/app/imagenes/64190f37-0bf5-3d3c-b936-8f8a411fc331.png,Cherry_(including_sour),Powdery_mildew,6,train
/app/imagenes/a99e5b6f-b00f-3931-bc80-b912d5bf2fb8.png,Cherry_(including_sour),Powdery_mildew,6,train
/app/imagenes/bcfafca0-e1d6-312b-b393-2ef9b4586c98.png,Cherry_(including_sour),Powdery_mildew,6,train
/app/imagenes/4db5c85e-4c23-31d0-b67d-63b00103b258.png,Cherry_(including_sour),Powdery_mildew,6,train
/app/imagenes/ffddf7ea-a2c5-3093-aee4-e332443e7489.png,Cherry_(including_sour),Powdery_mildew,6,train
/app/imagenes/7a77f939-adee-3fae-8edc-bf0942fa04e2.png,Cherry_(including_sour),Powdery_mildew,6,train
/app/imagenes/b22a3097-49cb-3459-ac21-9d246f3ca4aa.png,Cherry_(including_sour),Powdery_mildew,6,train
/app/imagenes/c5417322-2a5b-3cd3-a13d-f384aaff5ecc.png,Cherry_(including_sour),Powdery_mildew,6,train
/app/imagenes/24c104a6-e90e-33ac-8af3-bce5c1af9a58.png,Cherry_(including_sour),Powdery_mildew,6,train
/app/imagenes/ceafd61f-4551-3054-80ec-d833bf4b9cc6.png,Cherry_(including_sour),Powdery_mildew,6,train
/app/imagenes/02d4ad1a-5e78-38c1-aa2d-f0033c7a9c6a.png,Cherry_(including_sour),Powdery_mildew,6,train
/app/imagenes/75e92197-dd41-3045-8fa8-ced937e49376.png,Cherry_(including_sour),Powdery_mildew,6,train
/app/imagenes/e444297e-d4de-3b01-9d7f-377a281df6c0.png,Cherry_(including_sour),Powdery_mildew,6,train
/app/imagenes/e2993216-974a-3c37-a4b9-8d38f544d5f8.png,Cherry_(including_sour),Powdery_mildew,6,train
/app/imagenes/61b32f45-139d-39ed-9765-13234d47ce93.png,Cherry_(including_sour),Powdery_mildew,6,train
/app/imagenes/8aae5d32-145e-351b-b8fe-1e4c971fad3a.png,Cherry_(including_sour),Powdery_mildew,6,train
/app/imagenes/7715e132-4903-37b8-88b4-8bb78388c7a6.png,Cherry_(including_sour),Powdery_mildew,6,train
/app/imagenes/624017b5-539e-3fde-b85e-153d2dc4e77b.png,Cherry_(including_sour),Powdery_mildew,6,train
/app/imagenes/f7895322-0796-3a0e-9a48-e6df978b08c1.png,Cherry_(including_sour),Powdery_mildew,6,train
/app/imagenes/59f0ff18-9f87-3f7a-b52d-e3931079a2c7.png,Cherry_(including_sour),Powdery_mildew,6,train
/app/imagenes/a9882bd8-4f13-3083-bba5-eb8adaa469a7.png,Cherry_(including_sour),Powdery_mildew,6,train
/app/imagenes/b2defc10-6ee6-360a-9c79-1e53d630eded.png,Cherry_(including_sour),Powdery_mildew,6,train
/app/imagenes/bf665596-ad61-384d-9923-b52330f6027e.png,Cherry_(including_sour),Powdery_mildew,6,train
/app/imagenes/16374795-943b-3273-b19c-5523717ae1e0.png,Cherry_(including_sour),Powdery_mildew,6,train
/app/imagenes/6b20b662-cddd-3ac7-b96b-931028c1d289.png,Cherry_(including_sour),Powdery_mildew,6,train
/app/imagenes/fa81d21a-7691-3012-b96c-651099c168cb.png,Cherry_(including_sour),Powdery_mildew,6,train
/app/imagenes/36786ba0-5596-335c-9c5f-7a6f62b7bd7f.png,Cherry_(including_sour),Powdery_mildew,6,train
/app/imagenes/a8eb0954-5e6f-3e00-9bcb-970f09e4e4f8.png,Cherry_(including_sour),Powdery_mildew,6,train
/app/imagenes/67b4104e-09f7-3e47-b8c5-32a60f9d549e.png,Cherry_(including_sour),Powdery_mildew,6,train
/app/imagenes/ce448716-c115-3008-9d5c-3e401110b8e7.png,Cherry_(including_sour),Powdery_mildew,6,train
/app/imagenes/3a6c9143-c884-3874-b4c4-9989fc2e04b4.png,Cherry_(including_sour),Powdery_mildew,6,train
/app/imagenes/a2268b8f-4b8c-3a33-b039-4bed251e3235.png,Cherry_(including_sour),Powdery_mildew,6,train
/app/imagenes/85de25e2-b404-3da2-b60e-4d13174ac5d0.png,Cherry_(including_sour),Powdery_mildew,6,train
/app/imagenes/27ebad1d-aa4c-3f64-8b46-7d64a276d3b4.png,Cherry_(including_sour),Powdery_mildew,6,train
/app/imagenes/8d7db003-561d-3d4f-9d40-1bc679beacad.png,Corn_(maize),Cercospora_leaf_spot_Gray_leaf_spot,7,train
/app/imagenes/88c8a3ed-f242-3129-bfcd-f324674fe7f2.png,Corn_(maize),Cercospora_leaf_spot_Gray_leaf_spot,7,train
/app/imagenes/a0d04ac7-8d0c-366d-b2b6-db12bcb34c54.png,Corn_(maize),Cercospora_leaf_spot_Gray_leaf_spot,7,train
/app/imagenes/d109e605-f718-3d25-aee7-221075907ba2.png,Corn_(maize),Cercospora_leaf_spot_Gray_leaf_spot,7,train
/app/imagenes/de08bdfa-1b65-321e-9316-b09451b53330.png,Corn_(maize),Cercospora_leaf_spot_Gray_leaf_spot,7,train
/app/imagenes/46058d2a-70fc-325a-8768-fc966c2d89e8.png,Corn_(maize),Cercospora_leaf_spot_Gray_leaf_spot,7,train
/app/imagenes/876faefa-5d66-3d68-8a7c-21cd3ceefb7e.png,Corn_(maize),Cercospora_leaf_spot_Gray_leaf_spot,7,train
/app/imagenes/32447893-e8f6-3910-afcb-89e5f05a4144.png,Corn_(maize),Cercospora_leaf_spot_Gray_leaf_spot,7,train
/app/imagenes/5026f47c-b202-32db-80d6-01af48211768.png,Corn_(maize),Cercospora_leaf_spot_Gray_leaf_spot,7,train
/app/imagenes/494014c1-fd17-3467-b3fd-bf0db5abd8cc.png,Corn_(maize),Cercospora_leaf_spot_Gray_leaf_spot,7,train
/app/imagenes/5d7ad43e-f48b-3365-8ab2-7c641f0c1cc8.png,Corn_(maize),Cercospora_leaf_spot_Gray_leaf_spot,7,train
/app/imagenes/c49056f9-b2b3-3f7c-acee-e54cef11d2e5.png,Corn_(maize),Cercospora_leaf_spot_Gray_leaf_spot,7,train
/app/imagenes/ce8e823f-cf36-3e82-8221-271dea948881.png,Corn_(maize),Cercospora_leaf_spot_Gray_leaf_spot,7,train
/app/imagenes/fd560d6a-5dff-3015-91c2-49285edd4fb2.png,Corn_(maize),Cercospora_leaf_spot_Gray_leaf_spot,7,train
/app/imagenes/646e7222-2d3f-305e-8e5f-8104fbf5770f.png,Corn_(maize),Cercospora_leaf_spot_Gray_leaf_spot,7,train
/app/imagenes/802ff4f4-32b8-3f4d-9a23-d6814b20fb9e.png,Corn_(maize),Cercospora_leaf_spot_Gray_leaf_spot,7,train
/app/imagenes/de80ae02-0e80-387b-9622-59ce424bbfc2.png,Corn_(maize),Cercospora_leaf_spot_Gray_leaf_spot,7,train
/app/imagenes/c352c276-9d37-3f9b-8821-4d663400e05b.png,Corn_(maize),Cercospora_leaf_spot_Gray_leaf_spot,7,train
/app/imagenes/973d2e91-3992-30c3-930a-fa8dc53a6e2c.png,Corn_(maize),Cercospora_leaf_spot_Gray_leaf_spot,7,train
/app/imagenes/0e241de6-47f1-3ee2-97f6-2a08de0fc944.png,Corn_(maize),Cercospora_leaf_spot_Gray_leaf_spot,7,train
/app/imagenes/0f08201f-42d8-3d27-b7e4-548d0002f1a2.png,Corn_(maize),Cercospora_leaf_spot_Gray_leaf_spot,7,train
/app/imagenes/802c121c-f9af-3e95-9852-810e2840c711.png,Corn_(maize),Cercospora_leaf_spot_Gray_leaf_spot,7,train
/app/imagenes/8516bb80-58ec-3502-89b0-eed0768520fb.png,Corn_(maize),Cercospora_leaf_spot_Gray_leaf_spot,7,train
/app/imagenes/d0265010-7e33-3a14-bef1-7becbcdc4d88.png,Corn_(maize),Cercospora_leaf_spot_Gray_leaf_spot,7,train
/app/imagenes/18cfe64b-0fba-39c6-adab-1b99bb52a62e.png,Corn_(maize),Cercospora_leaf_spot_Gray_leaf_spot,7,train
/app/imagenes/e2b0be2f-43f5-3fa7-b86e-c9ce5c143bbd.png,Corn_(maize),Cercospora_leaf_spot_Gray_leaf_spot,7,train
/app/imagenes/ea5aed85-1be3-3640-9c10-0b29ef1d75a6.png,Corn_(maize),Cercospora_leaf_spot_Gray_leaf_spot,7,train
/app/imagenes/6b04b449-3a81-3584-83dc-a8e91b832a15.png,Corn_(maize),Cercospora_leaf_spot_Gray_leaf_spot,7,train
/app/imagenes/087a649b-2c40-33a7-82b1-421ddad501f0.png,Corn_(maize),Cercospora_leaf_spot_Gray_leaf_spot,7,train
/app/imagenes/4efaec93-6eac-3221-8d5f-6ab7bb7c2975.png,Corn_(maize),Cercospora_leaf_spot_Gray_leaf_spot,7,train
/app/imagenes/d5d6ac7f-3c8c-3347-babc-c9d3e3232ed8.png,Corn_(maize),Cercospora_leaf_spot_Gray_leaf_spot,7,train
/app/imagenes/2f057007-89c0-34d2-a387-8256abfde83b.png,Corn_(maize),Cercospora_leaf_spot_Gray_leaf_spot,7,train
/app/imagenes/77400719-44eb-30d0-9707-ae43ff398242.png,Corn_(maize),Cercospora_leaf_spot_Gray_leaf_spot,7,train
/app/imagenes/7165e3f2-ffca-3e09-8075-257f9d39a31c.png,Corn_(maize),Cercospora_leaf_spot_Gray_leaf_spot,7,train
/app/imagenes/73b9151f-ece2-31ff-8d9f-886e595d07f7.png,Corn_(maize),Cercospora_leaf_spot_Gray_leaf_spot,7,train
/app/imagenes/d8765424-cf4a-3c7c-8208-c30de0ea1dd9.png,Corn_(maize),Cercospora_leaf_spot_Gray_leaf_spot,7,train
/app/imagenes/3929c081-3e86-3ab7-9d3c-33a2d74b1d55.png,Corn_(maize),Cercospora_leaf_spot_Gray_leaf_spot,7,train
/app/imagenes/0b6e29f7-f6f3-3e97-8923-f3ac2dae89e4.png,Corn_(maize),Cercospora_leaf_spot_Gray_leaf_spot,7,train
/app/imagenes/0068a60d-7b21-3abf-a75d-9c48f02abfc5.png,Corn_(maize),Cercospora_leaf_spot_Gray_leaf_spot,7,train
/app/imagenes/a76572df-8364-3117-bc28-52af385c340f.png,Corn_(maize),Cercospora_leaf_spot_Gray_leaf_spot,7,train
/app/imagenes/9c3238d0-4144-38b9-8c35-b3d8c3af72d1.png,Corn_(maize),Cercospora_leaf_spot_Gray_leaf_spot,7,train
/app/imagenes/c631515a-78d6-30d7-ab38-74f2b1b822a3.png,Corn_(maize),Cercospora_leaf_spot_Gray_leaf_spot,7,train
/app/imagenes/b3e7506a-6507-3fa7-ad70-5c4e3079f615.png,Corn_(maize),Cercospora_leaf_spot_Gray_leaf_spot,7,train
/app/imagenes/764b18b8-c18e-30ff-8872-f050b6b64d1b.png,Corn_(maize),Cercospora_leaf_spot_Gray_leaf_spot,7,train
/app/imagenes/cc79436b-4aac-3e60-be2a-81679668c3a0.png,Corn_(maize),Cercospora_leaf_spot_Gray_leaf_spot,7,train
/app/imagenes/10193920-57cb-311b-b543-abca1cd54b46.png,Corn_(maize),Cercospora_leaf_spot_Gray_leaf_spot,7,train
/app/imagenes/383fb2a3-dcbd-37b5-a382-3bf12b6bbff4.png,Corn_(maize),Cercospora_leaf_spot_Gray_leaf_spot,7,train
/app/imagenes/cba8a9bc-6c92-324d-bb3c-6b580ee1a210.png,Corn_(maize),Cercospora_leaf_spot_Gray_leaf_spot,7,train
/app/imagenes/65068181-b400-3ba4-b11b-18afd3ad2e8b.png,Corn_(maize),Cercospora_leaf_spot_Gray_leaf_spot,7,train
/app/imagenes/289ae4d5-00e3-3a8e-b109-23c9c1ef9c52.png,Corn_(maize),Cercospora_leaf_spot_Gray_leaf_spot,7,train
/app/imagenes/5ae63507-645c-33e0-89f1-7ddd9d69c418.png,Corn_(maize),Cercospora_leaf_spot_Gray_leaf_spot,7,train
/app/imagenes/fc40d75a-ebea-3bc2-b90c-4f829078bcf7.png,Corn_(maize),Cercospora_leaf_spot_Gray_leaf_spot,7,train
/app/imagenes/5424e781-ee9c-3d38-be05-9b27012a903c.png,Corn_(maize),Cercospora_leaf_spot_Gray_leaf_spot,7,train
/app/imagenes/eee98b63-15b7-3225-8f17-284b33d62b95.png,Corn_(maize),Cercospora_leaf_spot_Gray_leaf_spot,7,train
/app/imagenes/00dcf5c7-5955-3ba2-be80-3352ef0648da.png,Corn_(maize),Cercospora_leaf_spot_Gray_leaf_spot,7,train
/app/imagenes/1d822456-965b-3a3f-9834-6345ebbada51.png,Corn_(maize),Cercospora_leaf_spot_Gray_leaf_spot,7,train
/app/imagenes/97d62568-e790-3566-8df7-5b6f84e1d259.png,Corn_(maize),Cercospora_leaf_spot_Gray_leaf_spot,7,train
/app/imagenes/10306082-b4ac-32e0-aa88-c6d2c31a4028.png,Corn_(maize),Cercospora_leaf_spot_Gray_leaf_spot,7,train
/app/imagenes/c5e24f6b-a5a7-372f-a81f-3a0146daf051.png,Corn_(maize),Cercospora_leaf_spot_Gray_leaf_spot,7,train
/app/imagenes/2af9d0b1-e46a-30f8-8f5d-e2abae0983f4.png,Corn_(maize),Cercospora_leaf_spot_Gray_leaf_spot,7,train
/app/imagenes/56d2885c-29e9-305d-8225-e2a15dbb16c6.png,Corn_(maize),Cercospora_leaf_spot_Gray_leaf_spot,7,train
/app/imagenes/7be91bb4-3c4b-33d7-928e-81f93083785c.png,Corn_(maize),Cercospora_leaf_spot_Gray_leaf_spot,7,train
/app/imagenes/0dc7dfb7-c216-348c-82eb-e32b0bfa4587.png,Corn_(maize),Cercospora_leaf_spot_Gray_leaf_spot,7,train
/app/imagenes/b931c9b5-8684-340e-b9c1-6404122625db.png,Corn_(maize),Cercospora_leaf_spot_Gray_leaf_spot,7,train
/app/imagenes/8c5d1bd5-056d-3a6c-91ac-2912941ada8b.png,Corn_(maize),Cercospora_leaf_spot_Gray_leaf_spot,7,train
/app/imagenes/de951f81-43d8-385f-9e97-7203a2ee8af1.png,Corn_(maize),Cercospora_leaf_spot_Gray_leaf_spot,7,train
/app/imagenes/403cec4e-3776-3f21-8a33-989eb15606c3.png,Corn_(maize),Cercospora_leaf_spot_Gray_leaf_spot,7,train
/app/imagenes/81141b28-5230-34b4-88e5-c0276315cf03.png,Corn_(maize),Cercospora_leaf_spot_Gray_leaf_spot,7,train
/app/imagenes/007e73eb-c230-3285-8860-15362b55f667.png,Corn_(maize),Cercospora_leaf_spot_Gray_leaf_spot,7,train
/app/imagenes/e253073f-f246-3f0e-b3e8-6acf9a048830.png,Corn_(maize),Cercospora_leaf_spot_Gray_leaf_spot,7,train
/app/imagenes/48f6df3f-a38b-3053-81c5-032302f34a09.png,Corn_(maize),Common_rust,8,train
/app/imagenes/68fbdf30-84ad-3ff8-89b8-eca10ee7fff0.png,Corn_(maize),Common_rust,8,train
/app/imagenes/950bd138-dfb9-395d-bbe9-ad854cfa3be1.png,Corn_(maize),Common_rust,8,train
/app/imagenes/be12020b-4593-311e-a7ed-498d6e358993.png,Corn_(maize),Common_rust,8,train
/app/imagenes/53bdfec9-4063-3d5e-b57c-91182a1bd825.png,Corn_(maize),Common_rust,8,train
/app/imagenes/90a7803a-85c6-3cf4-baef-075fc07a8965.png,Corn_(maize),Common_rust,8,train
/app/imagenes/3bceaafe-fd15-3800-9838-3453aa28dbed.png,Corn_(maize),Common_rust,8,train
/app/imagenes/697f9fae-58ab-390c-aed4-bcd2e78647ac.png,Corn_(maize),Common_rust,8,train
/app/imagenes/2feccb9f-297f-3c4d-bf8d-920c85ceb2de.png,Corn_(maize),Common_rust,8,train
/app/imagenes/170f4641-b182-3197-bf4a-e1675b4f595a.png,Corn_(maize),Common_rust,8,train
/app/imagenes/cd7c1ebd-93d5-3dcd-965b-b6974aa9f717.png,Corn_(maize),Common_rust,8,train
/app/imagenes/9fa50d48-f5c3-33aa-8d81-133b97c9ad14.png,Corn_(maize),Common_rust,8,train
/app/imagenes/3910b1a9-6d1d-39cc-911f-d062caf0d9be.png,Corn_(maize),Common_rust,8,train
/app/imagenes/9ff9c048-25e3-32f9-9add-abd830771d3d.png,Corn_(maize),Common_rust,8,train
/app/imagenes/bfbe5dfe-50df-39af-b323-98a3af1394bf.png,Corn_(maize),Common_rust,8,train
/app/imagenes/9ceb7b5c-b124-3f41-86af-4cccf3127f2d.png,Corn_(maize),Common_rust,8,train
/app/imagenes/816db81a-6934-323c-805c-6c9d082c405e.png,Corn_(maize),Common_rust,8,train
/app/imagenes/7f6dfce1-db54-3598-9a73-24e6d423c115.png,Corn_(maize),Common_rust,8,train
/app/imagenes/db5e9508-353f-3766-bd6f-52c017c315d0.png,Corn_(maize),Common_rust,8,train
/app/imagenes/c860c1f3-9c14-3c08-9b2d-d44684074e74.png,Corn_(maize),Common_rust,8,train
/app/imagenes/82495958-eba5-35c4-8ee4-9222f764d11e.png,Corn_(maize),Common_rust,8,train
/app/imagenes/8d66a3f7-7cfd-3343-9409-3d588003db7a.png,Corn_(maize),Common_rust,8,train
/app/imagenes/616922e5-736f-37f2-afeb-db54cb259c56.png,Corn_(maize),Common_rust,8,train
/app/imagenes/49a1c1ba-6f12-34e6-860c-45b6ad8f5512.png,Corn_(maize),Common_rust,8,train
/app/imagenes/19cb00ad-b25d-32dd-9749-5b9f7bc90e54.png,Corn_(maize),Common_rust,8,train
/app/imagenes/ff580653-6dd6-3acc-a639-4c3363c98e60.png,Corn_(maize),Common_rust,8,train
/app/imagenes/95f68176-cacc-3127-90af-7498c638ed71.png,Corn_(maize),Common_rust,8,train
/app/imagenes/7ac9e04f-06c8-3f27-a9d3-e2c23daf0d4d.png,Corn_(maize),Common_rust,8,train
/app/imagenes/cad7c7a7-e541-36b2-b8cc-4bb99a5042d8.png,Corn_(maize),Common_rust,8,train
/app/imagenes/e5d898c1-30e3-3bc2-8b77-3eb2203f5d37.png,Corn_(maize),Common_rust,8,train
/app/imagenes/3ae6a546-29b5-3e10-9cf0-399c1db148b1.png,Corn_(maize),Common_rust,8,train
/app/imagenes/864dc4ea-300b-359e-886f-a59a7ed4d07d.png,Corn_(maize),Common_rust,8,train
/app/imagenes/a7933290-6c7a-3584-a5fd-c7ab128d33e6.png,Corn_(maize),Common_rust,8,train
/app/imagenes/4d036ecb-eb32-34b9-8688-c71babea4903.png,Corn_(maize),Common_rust,8,train
/app/imagenes/9bd22ea8-c162-3280-b669-2bda3b8151b1.png,Corn_(maize),Common_rust,8,train
/app/imagenes/6c191ac5-b07e-3520-93eb-220354126d3b.png,Corn_(maize),Common_rust,8,train
/app/imagenes/c2c3e08d-0c4d-3bcc-87dc-005146338da1.png,Corn_(maize),Common_rust,8,train
/app/imagenes/569834bb-7e6a-3a21-a1c0-d5a15553b4c9.png,Corn_(maize),Common_rust,8,train
/app/imagenes/cde00898-6cfc-333b-bc5c-9ebdfe16091c.png,Corn_(maize),Common_rust,8,train
/app/imagenes/474ea2e9-e017-3a70-a900-b5bdc14ca4ba.png,Corn_(maize),Common_rust,8,train
/app/imagenes/78ac6a35-dd74-38d6-b2a6-540b00a72ec8.png,Corn_(maize),Common_rust,8,train
/app/imagenes/f94291a4-9c8d-3240-b1ab-f06793b037bf.png,Corn_(maize),Common_rust,8,train
/app/imagenes/1230e9e1-a9e0-3d39-85d8-b6aaa5956840.png,Corn_(maize),Common_rust,8,train
/app/imagenes/7dee05cc-cb0b-3b1b-a8d2-61ff452b048e.png,Corn_(maize),Common_rust,8,train
/app/imagenes/189a6dd5-6b76-312e-b8a9-56cbf7d66a89.png,Corn_(maize),Common_rust,8,train
/app/imagenes/ae90dac1-f65a-3b3e-a083-9dd9507e64df.png,Corn_(maize),Common_rust,8,train
/app/imagenes/10da1a7c-e397-3e08-acbe-b2b3c850e9c7.png,Corn_(maize),Common_rust,8,train
/app/imagenes/9cd5b408-11c1-3108-a51d-4be01df07d0e.png,Corn_(maize),Common_rust,8,train
/app/imagenes/c0be2b28-7800-3bae-9b84-934b5507f61c.png,Corn_(maize),Common_rust,8,train
/app/imagenes/4899084e-1ddc-3c5c-9f21-b9e503dd8637.png,Corn_(maize),Common_rust,8,train
/app/imagenes/2a07202c-edf5-3f9b-9049-d388786b5775.png,Corn_(maize),Common_rust,8,train
/app/imagenes/491e5f9d-5034-37a7-9502-b0fe3e0bfb11.png,Corn_(maize),Common_rust,8,train
/app/imagenes/a8d5df22-c2ac-30c7-803a-4a3f5b931d8d.png,Corn_(maize),Common_rust,8,train
/app/imagenes/be4048e5-3706-34d7-b936-06f133cbbb0c.png,Corn_(maize),Common_rust,8,train
/app/imagenes/393c642a-3114-3b20-8c08-2ff907fcc6b7.png,Corn_(maize),Common_rust,8,train
/app/imagenes/d2a7d123-a408-3f57-81e6-3556614dd7cb.png,Corn_(maize),Common_rust,8,train
/app/imagenes/eba60597-7d8a-367c-a42f-b049ddb3b069.png,Corn_(maize),Common_rust,8,train
/app/imagenes/4f8d1d9c-3fb9-354b-878f-2879b27aec4d.png,Corn_(maize),Common_rust,8,train
/app/imagenes/802c758b-0699-351f-b0fd-16d98fa72bf6.png,Corn_(maize),Common_rust,8,train
/app/imagenes/937fcf9c-d844-3957-8fee-4068acf79100.png,Corn_(maize),Common_rust,8,train
/app/imagenes/db2ad9c5-575e-37c1-8ec3-c1ef40912838.png,Corn_(maize),Common_rust,8,train
/app/imagenes/03699168-3373-3539-850a-39da7e709cb1.png,Corn_(maize),Common_rust,8,train
/app/imagenes/7019c277-b7d9-3d13-ab40-8232dc046578.png,Corn_(maize),Common_rust,8,train
/app/imagenes/a11ff4b0-f75e-3610-97df-52159b371321.png,Corn_(maize),Common_rust,8,train
/app/imagenes/a105c72d-8789-32da-b284-bcf96601dfe6.png,Corn_(maize),Common_rust,8,train
/app/imagenes/1c491efc-94b1-35ea-8ce1-d2a63cb12fa1.png,Corn_(maize),Common_rust,8,train
/app/imagenes/0deb4a73-753a-36fe-996f-125aa578f609.png,Corn_(maize),Common_rust,8,train
/app/imagenes/c063d482-ab5c-315c-b5d4-5cfd060f2cde.png,Corn_(maize),Common_rust,8,train
/app/imagenes/ef5d9b1d-a106-3dc9-ad64-a523f9e46876.png,Corn_(maize),Common_rust,8,train
/app/imagenes/18bcb9b8-a580-3d83-8d65-5778781eabc0.png,Corn_(maize),Common_rust,8,train
/app/imagenes/5447c43c-f6a4-3b3d-893f-ef6af8fcebfa.png,Corn_(maize),healthy,9,train
/app/imagenes/382fe76e-4dff-3216-964a-0724c9ddcff2.png,Corn_(maize),healthy,9,train
/app/imagenes/9201a9f0-2db0-3a45-ad73-4c61bec90ede.png,Corn_(maize),healthy,9,train
/app/imagenes/36a8acb3-de8a-30fa-959e-6f11df53f2ce.png,Corn_(maize),healthy,9,train
/app/imagenes/3c29f3d6-c523-3e85-92a4-e45ab515b0bc.png,Corn_(maize),healthy,9,train
/app/imagenes/83869f16-1d50-30e9-b013-43c4acee625d.png,Corn_(maize),healthy,9,train
/app/imagenes/2ac2181b-6cab-33d3-a917-212c4fef2b66.png,Corn_(maize),healthy,9,train
/app/imagenes/7c442ea0-968d-3bc4-8add-b5631036a434.png,Corn_(maize),healthy,9,train
/app/imagenes/30eeac39-d9db-3aec-b906-9613608545c7.png,Corn_(maize),healthy,9,train
/app/imagenes/583565e0-95dc-3429-a9c7-c8d407e82668.png,Corn_(maize),healthy,9,train
/app/imagenes/020cfdf8-7ce3-3c24-a48b-83020fe84c96.png,Corn_(maize),healthy,9,train
/app/imagenes/cd86e26e-0b8a-3bb1-8766-8091cce2699f.png,Corn_(maize),healthy,9,train
/app/imagenes/6114ee4a-5bcb-3f33-ade3-f3f3c41c5a00.png,Corn_(maize),healthy,9,train
/app/imagenes/c977c588-c4e9-3351-ad4a-5249de610110.png,Corn_(maize),healthy,9,train
/app/imagenes/95fbe879-7005-3294-8b4b-c4a39f1813aa.png,Corn_(maize),healthy,9,train
/app/imagenes/083f1908-7cea-3d7a-a57e-96684ebc6fbd.png,Corn_(maize),healthy,9,train
/app/imagenes/284d1d0f-d23a-344a-a1cc-bf346ee54c6b.png,Corn_(maize),healthy,9,train
/app/imagenes/4a980a28-0504-37bc-8905-49c047d56a02.png,Corn_(maize),healthy,9,train
/app/imagenes/e9b3f748-6bd2-36ae-a5ff-50051034b68c.png,Corn_(maize),healthy,9,train
/app/imagenes/c796b978-7835-3444-b362-11c8903ccb7a.png,Corn_(maize),healthy,9,train
/app/imagenes/9a967f69-c764-3b28-ade7-db88be7ccfc6.png,Corn_(maize),healthy,9,train
/app/imagenes/59fb5f4f-01e0-3f35-9d4b-deb3e3411412.png,Corn_(maize),healthy,9,train
/app/imagenes/33616f61-5f42-37f1-bcb3-4a3f19d495f0.png,Corn_(maize),healthy,9,train
/app/imagenes/0711e2e3-828c-3561-aeb1-a9ff3780f936.png,Corn_(maize),healthy,9,train
/app/imagenes/1578462e-ff48-32fc-9fa0-f91e9630ed56.png,Corn_(maize),healthy,9,train
/app/imagenes/c9f0e934-8229-34e9-b8a7-095ffb18bab3.png,Corn_(maize),healthy,9,train
/app/imagenes/7c762800-5015-32e1-81fa-b7bbc435e197.png,Corn_(maize),healthy,9,train
/app/imagenes/35999a8f-523a-3a59-b9e5-49d3b69364ad.png,Corn_(maize),healthy,9,train
/app/imagenes/c7809087-7b97-3225-8c0f-b86eed3d41cb.png,Corn_(maize),healthy,9,train
/app/imagenes/a2dd7d61-fa46-365c-bfd8-c06d4b8e0a31.png,Corn_(maize),healthy,9,train
/app/imagenes/5925b9ae-8a37-3129-b5a9-082a1276aeb8.png,Corn_(maize),healthy,9,train
/app/imagenes/812c8ffa-f65b-36d8-b80d-a716a3b21f1c.png,Corn_(maize),healthy,9,train
/app/imagenes/1e4fbf6b-f692-3ca3-9b88-de33956b4011.png,Corn_(maize),healthy,9,train
/app/imagenes/12865d73-b8bb-3b47-824f-e3e1c04dadad.png,Corn_(maize),healthy,9,train
/app/imagenes/86ac400b-63b3-30e2-b794-cdc8ea9148b7.png,Corn_(maize),healthy,9,train
/app/imagenes/715f7301-6b5c-34b9-8952-03c2fd8a48e0.png,Corn_(maize),healthy,9,train
/app/imagenes/1d449441-e5b2-30c2-ad3f-768df823b2e4.png,Corn_(maize),healthy,9,train
/app/imagenes/b271156d-4dfa-3be9-ac5f-de873c40c433.png,Corn_(maize),healthy,9,train
/app/imagenes/2f8a60ec-7e8d-398b-bc3f-3ea012de2bc0.png,Corn_(maize),healthy,9,train
/app/imagenes/c37c3a51-d8fc-3d24-a9da-1bed77978a01.png,Corn_(maize),healthy,9,train
/app/imagenes/782d8778-1357-3c08-a34a-db92de79580f.png,Corn_(maize),healthy,9,train
/app/imagenes/8f33e6e2-2888-3ac2-9a67-91945beb5095.png,Corn_(maize),healthy,9,train
/app/imagenes/73b102a4-d6a3-35d4-9cec-8037f7efc1cd.png,Corn_(maize),healthy,9,train
/app/imagenes/51069105-223c-3663-bf4c-164f0c40b134.png,Corn_(maize),healthy,9,train
/app/imagenes/a0108a31-22f8-3347-b15c-dd05b30aa47f.png,Corn_(maize),healthy,9,train
/app/imagenes/8c2ce239-3946-3f09-8448-17bc84ee21d0.png,Corn_(maize),healthy,9,train
/app/imagenes/23593033-21da-36a9-a45d-76fa601459a3.png,Corn_(maize),healthy,9,train
/app/imagenes/ebc4dff1-dfc6-32ae-8438-46ea080687bf.png,Corn_(maize),healthy,9,train
/app/imagenes/24fc0b70-dc70-3199-8856-7cf0f61f2bb5.png,Corn_(maize),healthy,9,train
/app/imagenes/83eca821-70b5-370b-a65d-5eca2e34f044.png,Corn_(maize),healthy,9,train
/app/imagenes/225a8856-0dc0-3607-bf91-fdc51db53814.png,Corn_(maize),healthy,9,train
/app/imagenes/dcf65afc-8c6b-396d-8ee5-0998cbb5bc22.png,Corn_(maize),healthy,9,train
/app/imagenes/73ef86c8-cc6e-3c8d-83fe-f983ab27548d.png,Corn_(maize),healthy,9,train
/app/imagenes/4d90a19b-7fa6-3b0b-9f28-31ed724bd1fa.png,Corn_(maize),healthy,9,train
/app/imagenes/726f3ecb-ea77-32d8-9f4d-407a82ed795b.png,Corn_(maize),healthy,9,train
/app/imagenes/a613a4d0-300b-335e-a67e-adce1b52ed18.png,Corn_(maize),healthy,9,train
/app/imagenes/e16809a4-3499-3db0-a1a0-e905ae4314ae.png,Corn_(maize),healthy,9,train
/app/imagenes/66727c3f-b5de-386b-81d1-4b5c8235f872.png,Corn_(maize),healthy,9,train
/app/imagenes/b484aab9-23e5-37db-80fb-3f4639d29e8b.png,Corn_(maize),healthy,9,train
/app/imagenes/cbe23f22-8a76-3954-b740-9a4381998730.png,Corn_(maize),healthy,9,train
/app/imagenes/f11f43a8-0028-320c-bc90-2e2dfdbc91de.png,Corn_(maize),healthy,9,train
/app/imagenes/d2d49fe9-1fe3-3508-89a3-49f81779b7d2.png,Corn_(maize),healthy,9,train
/app/imagenes/c7beb0ba-f5ca-3361-8828-69f89cda41bc.png,Corn_(maize),healthy,9,train
/app/imagenes/391011cc-4848-3865-a88e-f700c20ac488.png,Corn_(maize),healthy,9,train
/app/imagenes/4655e26f-fec8-3621-b9e0-5008f099904b.png,Corn_(maize),healthy,9,train
/app/imagenes/e99ed305-261c-3ddf-9bc7-eb1491061f0f.png,Corn_(maize),healthy,9,train
/app/imagenes/8488873e-88fb-3073-86f8-249dc868ac88.png,Corn_(maize),healthy,9,train
/app/imagenes/ce787583-89f9-3997-93b9-04f615b8ff4f.png,Corn_(maize),healthy,9,train
/app/imagenes/983cdd93-33b1-3f40-bc0a-d0e9aa25fe0f.png,Corn_(maize),healthy,9,train
/app/imagenes/31ee5676-e8d0-3e1f-b16b-5df85f049c41.png,Corn_(maize),healthy,9,train
/app/imagenes/a00c624f-f3ed-3ef7-b19b-7ae8d0346de5.png,Corn_(maize),Northern_Leaf_Blight,10,train
/app/imagenes/34daeba5-3cb7-322c-ba35-3832d5d860a6.png,Corn_(maize),Northern_Leaf_Blight,10,train
/app/imagenes/bc27456d-c0e7-3dfa-9f62-9a41fa2fcdb5.png,Corn_(maize),Northern_Leaf_Blight,10,train
/app/imagenes/82921d98-a087-3298-95c2-b3e4cf668ac1.png,Corn_(maize),Northern_Leaf_Blight,10,train
/app/imagenes/c40ae0e2-f74a-38da-a286-af2a4602aa1a.png,Corn_(maize),Northern_Leaf_Blight,10,train
/app/imagenes/7ddfa223-65a2-3af4-aba7-e1594fc2cf34.png,Corn_(maize),Northern_Leaf_Blight,10,train
/app/imagenes/0e54476a-e5a1-3642-962d-8abc8423fcaf.png,Corn_(maize),Northern_Leaf_Blight,10,train
/app/imagenes/3f643ee7-105f-3d57-874a-88ad4505a172.png,Corn_(maize),Northern_Leaf_Blight,10,train
/app/imagenes/8b0ff890-543e-3524-9e8c-5eb6128d5de0.png,Corn_(maize),Northern_Leaf_Blight,10,train
/app/imagenes/3b028b5a-4251-3884-a1fb-242378985789.png,Corn_(maize),Northern_Leaf_Blight,10,train
/app/imagenes/c85e798b-8b75-3b62-8d1d-8173a1cbc09a.png,Corn_(maize),Northern_Leaf_Blight,10,train
/app/imagenes/70905856-cc00-3fd4-b0ba-78af479c3ba0.png,Corn_(maize),Northern_Leaf_Blight,10,train
/app/imagenes/0a7b5419-b3fa-3504-8a5b-eab4dce5ed73.png,Corn_(maize),Northern_Leaf_Blight,10,train
/app/imagenes/41dec279-f56b-36d9-b5bf-3135569681b2.png,Corn_(maize),Northern_Leaf_Blight,10,train
/app/imagenes/37c369e0-3ba9-3aaf-a427-9c8b05d71112.png,Corn_(maize),Northern_Leaf_Blight,10,train
/app/imagenes/549d1721-07a4-37a0-bacc-f463dca35bf6.png,Corn_(maize),Northern_Leaf_Blight,10,train
/app/imagenes/494921f2-6a07-38cc-92ca-bef6f0c3686a.png,Corn_(maize),Northern_Leaf_Blight,10,train
/app/imagenes/f9a5d381-1048-34d6-97e0-23c5e04d8c2f.png,Corn_(maize),Northern_Leaf_Blight,10,train
/app/imagenes/8eba06ce-3c2b-31ee-becf-f1d2cb93efea.png,Corn_(maize),Northern_Leaf_Blight,10,train
/app/imagenes/4654820b-deb4-3898-9f06-13ff8045f63e.png,Corn_(maize),Northern_Leaf_Blight,10,train
/app/imagenes/8a9a84aa-69f3-3dfd-8df8-30ebf8c7d236.png,Corn_(maize),Northern_Leaf_Blight,10,train
/app/imagenes/84befc47-3fb0-31c5-8983-962ce074fa38.png,Corn_(maize),Northern_Leaf_Blight,10,train
/app/imagenes/798b2001-68da-323c-b486-9f85a434ea2f.png,Corn_(maize),Northern_Leaf_Blight,10,train
/app/imagenes/b631835f-51a6-3028-baa5-739964752b71.png,Corn_(maize),Northern_Leaf_Blight,10,train
/app/imagenes/205e40ce-bf9a-364d-a265-289fb5635b40.png,Corn_(maize),Northern_Leaf_Blight,10,train
/app/imagenes/cf7fd08e-d5a6-3263-9f29-e23486704b90.png,Corn_(maize),Northern_Leaf_Blight,10,train
/app/imagenes/bc2048f9-14c9-3af0-a21f-9712db29abee.png,Corn_(maize),Northern_Leaf_Blight,10,train
/app/imagenes/7e27cc18-3366-364c-9ef5-6cdf4787b7e6.png,Corn_(maize),Northern_Leaf_Blight,10,train
/app/imagenes/cc0a818c-123e-322d-9750-02f3b40af07d.png,Corn_(maize),Northern_Leaf_Blight,10,train
/app/imagenes/9cd94bf6-fde5-3b8b-9063-13a3caf82cb8.png,Corn_(maize),Northern_Leaf_Blight,10,train
/app/imagenes/539e3ebe-0f86-3823-9d62-2247fc6791de.png,Corn_(maize),Northern_Leaf_Blight,10,train
/app/imagenes/c9a38b81-cf74-390e-a2cf-17a3006703ed.png,Corn_(maize),Northern_Leaf_Blight,10,train
/app/imagenes/906b7285-9a6f-387a-b0ea-b19b6baf1dee.png,Corn_(maize),Northern_Leaf_Blight,10,train
/app/imagenes/fa03a35e-aaef-30b2-b744-dff71d60de27.png,Corn_(maize),Northern_Leaf_Blight,10,train
/app/imagenes/f275092f-ee76-3ab2-ac6b-bbf0017852d4.png,Corn_(maize),Northern_Leaf_Blight,10,train
/app/imagenes/ea3805cf-70bd-3819-8889-bce1d8c4369c.png,Corn_(maize),Northern_Leaf_Blight,10,train
/app/imagenes/2f9e173b-8f8b-3f1d-b3b0-c61e94abe8e1.png,Corn_(maize),Northern_Leaf_Blight,10,train
/app/imagenes/f5eb3ed7-e0cd-3586-b555-a212d1eba609.png,Corn_(maize),Northern_Leaf_Blight,10,train
/app/imagenes/79a275f8-dfa1-320c-964b-1ae9cca69f40.png,Corn_(maize),Northern_Leaf_Blight,10,train
/app/imagenes/90728f9f-ece4-362c-9f59-2858e11e7cd5.png,Corn_(maize),Northern_Leaf_Blight,10,train
/app/imagenes/2bda5b49-e9f6-3dcb-b828-66f8e5888511.png,Corn_(maize),Northern_Leaf_Blight,10,train
/app/imagenes/fd20a342-d35f-3615-86ea-14a8a6103481.png,Corn_(maize),Northern_Leaf_Blight,10,train
/app/imagenes/554106d9-26fc-3049-8be7-974bfa21060a.png,Corn_(maize),Northern_Leaf_Blight,10,train
/app/imagenes/6ec7e73e-8ba9-3823-a2af-0644ddfb5563.png,Corn_(maize),Northern_Leaf_Blight,10,train
/app/imagenes/2436b950-ac80-3f7f-9c6a-484fbd9428e7.png,Corn_(maize),Northern_Leaf_Blight,10,train
/app/imagenes/9320bf99-0407-3860-bcb1-b7a1849aa64f.png,Corn_(maize),Northern_Leaf_Blight,10,train
/app/imagenes/9256ee80-e6cf-3f0c-a2c8-acfd5f2fe650.png,Corn_(maize),Northern_Leaf_Blight,10,train
/app/imagenes/626d4161-2cc8-31c0-a558-d1a313551c6f.png,Corn_(maize),Northern_Leaf_Blight,10,train
/app/imagenes/035e7529-337d-3628-a249-266d4198fd71.png,Corn_(maize),Northern_Leaf_Blight,10,train
/app/imagenes/eeb4d357-edb3-3961-a73b-840be6b710ab.png,Corn_(maize),Northern_Leaf_Blight,10,train
/app/imagenes/acff58d1-a7a1-3126-a704-a840cbe3be7c.png,Corn_(maize),Northern_Leaf_Blight,10,train
/app/imagenes/f0b763c3-7987-3288-8265-9fb50f23bb7e.png,Corn_(maize),Northern_Leaf_Blight,10,train
/app/imagenes/562b1b4a-4183-3c8f-807f-18a2311d8cd5.png,Corn_(maize),Northern_Leaf_Blight,10,train
/app/imagenes/c3334d35-376c-3632-b6ab-c257eae3e5d0.png,Corn_(maize),Northern_Leaf_Blight,10,train
/app/imagenes/ff70b9bf-671c-31ec-967f-d1d151de6aa5.png,Corn_(maize),Northern_Leaf_Blight,10,train
/app/imagenes/073f075f-30d8-38ff-be5a-d3d521417cfc.png,Corn_(maize),Northern_Leaf_Blight,10,train
/app/imagenes/9d0a8a20-acae-3e84-8476-0b7190cc100c.png,Corn_(maize),Northern_Leaf_Blight,10,train
/app/imagenes/0228abf0-0dc7-32f0-98d4-67745bfc9cf9.png,Corn_(maize),Northern_Leaf_Blight,10,train
/app/imagenes/f7d956ff-b8a1-3469-84e9-f264c5141926.png,Corn_(maize),Northern_Leaf_Blight,10,train
/app/imagenes/a6c7c1f8-de61-3b61-8273-677bfe564056.png,Corn_(maize),Northern_Leaf_Blight,10,train
/app/imagenes/fceeb9bf-0320-38f8-a733-267282f37f72.png,Corn_(maize),Northern_Leaf_Blight,10,train
/app/imagenes/21320f94-40f3-36c8-a969-dc9a3d65a103.png,Corn_(maize),Northern_Leaf_Blight,10,train
/app/imagenes/970a0590-b759-331e-bdc9-fffc723e2dbd.png,Corn_(maize),Northern_Leaf_Blight,10,train
/app/imagenes/4c7ab000-ef61-36e1-b409-3900ab4e314c.png,Corn_(maize),Northern_Leaf_Blight,10,train
/app/imagenes/a2929bbc-4d62-3f26-8537-0b0f9879dba4.png,Corn_(maize),Northern_Leaf_Blight,10,train
/app/imagenes/8bc57321-3a79-33ff-b0da-826999e16661.png,Corn_(maize),Northern_Leaf_Blight,10,train
/app/imagenes/8d83a0c9-ec31-3bd7-9094-c538681e7e3f.png,Corn_(maize),Northern_Leaf_Blight,10,train
/app/imagenes/76a5c685-6fe4-3f8d-bd46-deee7fe56d42.png,Corn_(maize),Northern_Leaf_Blight,10,train
/app/imagenes/4c027405-1bb4-3e4a-a6e1-722f591351ed.png,Corn_(maize),Northern_Leaf_Blight,10,train
/app/imagenes/e5d2cdc2-662a-3bc7-b2db-0f93371b0b88.png,Corn_(maize),Northern_Leaf_Blight,10,train
/app/imagenes/925497d9-739c-374e-9b05-01decf3aed2e.png,Grape,Black_rot,11,train
/app/imagenes/57a8c881-61ad-34e1-8ca7-4c5101221ec8.png,Grape,Black_rot,11,train
/app/imagenes/09ebb90b-20ea-31e8-b4a8-8d6f2cb9a20b.png,Grape,Black_rot,11,train
/app/imagenes/c68b046c-3cd4-3a5c-92ce-9834c090bc2d.png,Grape,Black_rot,11,train
/app/imagenes/a32f4fad-42e4-34ba-92cf-f25ff5f08021.png,Grape,Black_rot,11,train
/app/imagenes/05933d88-ee93-38c4-9065-addd82e8174c.png,Grape,Black_rot,11,train
/app/imagenes/84f662a0-7890-3bbc-9379-7bf84c92e9c3.png,Grape,Black_rot,11,train
/app/imagenes/7f2063ac-6207-3f0f-9f2d-25a157fb6b41.png,Grape,Black_rot,11,train
/app/imagenes/16887bbc-a8da-3662-9da0-86087a05a6da.png,Grape,Black_rot,11,train
/app/imagenes/cf249f4d-376a-360b-aac1-d8fec470741b.png,Grape,Black_rot,11,train
/app/imagenes/d8820de7-fe28-3a7d-8a3c-03780ff24077.png,Grape,Black_rot,11,train
/app/imagenes/62f597c9-c6b9-3b83-83bc-894f4be6026e.png,Grape,Black_rot,11,train
/app/imagenes/8e537938-3cde-386e-8cf3-fabe7efa1035.png,Grape,Black_rot,11,train
/app/imagenes/52607f2f-b725-3885-9db0-d64882eb8753.png,Grape,Black_rot,11,train
/app/imagenes/0f0e73e9-ccd1-335f-9457-98916a60eb40.png,Grape,Black_rot,11,train
/app/imagenes/50f0a6bc-e684-37a2-a8bc-3321c7778231.png,Grape,Black_rot,11,train
/app/imagenes/aa1f2dde-adec-3cd3-8331-1ed0da44c9b0.png,Grape,Black_rot,11,train
/app/imagenes/b8a09a33-4956-3083-88f5-96b0d886209a.png,Grape,Black_rot,11,train
/app/imagenes/befb91e1-5bee-3a46-9667-c8badddbcf0a.png,Grape,Black_rot,11,train
/app/imagenes/dff4c442-d3e8-3285-965f-ec03ecbf4c7a.png,Grape,Black_rot,11,train
/app/imagenes/19b5ef63-48be-322f-9e76-67eb583a0e43.png,Grape,Black_rot,11,train
/app/imagenes/3a30f368-600c-3036-baaf-00f83adb9ac3.png,Grape,Black_rot,11,train
/app/imagenes/53668fd7-02ea-340f-89c4-48ac643bccff.png,Grape,Black_rot,11,train
/app/imagenes/2f40575e-d7c0-3d88-8956-a03a70f4804a.png,Grape,Black_rot,11,train
/app/imagenes/b9920569-008f-3fd3-8490-55a22a4e7f01.png,Grape,Black_rot,11,train
/app/imagenes/9373a7eb-3ac8-331c-bd25-ca7550259c4d.png,Grape,Black_rot,11,train
/app/imagenes/4e8181a6-7b03-39cc-8c08-98c0702d7e1a.png,Grape,Black_rot,11,train
/app/imagenes/bd436680-9e77-38f1-bd04-05da161c2338.png,Grape,Black_rot,11,train
/app/imagenes/ffba7e72-b8b3-3893-b23b-c5dd67ea5ca0.png,Grape,Black_rot,11,train
/app/imagenes/0f23d0ed-dbbe-39db-a721-d27acfa2984c.png,Grape,Black_rot,11,train
/app/imagenes/0afb96d5-fe1c-38a3-8dc8-fdfaf0c603c6.png,Grape,Black_rot,11,train
/app/imagenes/aa58efc9-187f-38b4-8ede-9fcf593fe9d2.png,Grape,Black_rot,11,train
/app/imagenes/f0122db2-4c1c-3b39-a54e-15998008f1c0.png,Grape,Black_rot,11,train
/app/imagenes/f735ae40-1f99-3baa-880c-4ee33a50f6af.png,Grape,Black_rot,11,train
/app/imagenes/41d44872-aefd-3b26-9605-0ad3b87c6057.png,Grape,Black_rot,11,train
/app/imagenes/fc02bfc1-fddb-3464-ac0b-c6fdfb6dc374.png,Grape,Black_rot,11,train
/app/imagenes/a6036f58-f243-3e51-96c9-b70950ff08f3.png,Grape,Black_rot,11,train
/app/imagenes/484ab8ff-27f8-359b-8e74-cd4c8deb8776.png,Grape,Black_rot,11,train
/app/imagenes/803dfdf5-6e9d-3b72-b789-415b6c6b1407.png,Grape,Black_rot,11,train
/app/imagenes/9d424996-a904-37e8-abf2-d4e4ba3669d4.png,Grape,Black_rot,11,train
/app/imagenes/8b148266-1213-3697-8094-ca1d5121184b.png,Grape,Black_rot,11,train
/app/imagenes/7b177f62-c91e-3bd8-a62a-a2ec6c78e64a.png,Grape,Black_rot,11,train
/app/imagenes/e7751bd8-1854-31fd-accd-0df01fe4e13a.png,Grape,Black_rot,11,train
/app/imagenes/8c1733dc-a56e-382c-8d73-37d32d6fc61b.png,Grape,Black_rot,11,train
/app/imagenes/57daa862-a40d-320e-a99b-2860eaea099e.png,Grape,Black_rot,11,train
/app/imagenes/341f0384-0205-3a77-a4a5-f502d5161f57.png,Grape,Black_rot,11,train
/app/imagenes/cbb136fa-d056-3ffe-9ee9-5dd32ffddde6.png,Grape,Black_rot,11,train
/app/imagenes/75df9267-3afd-3e50-bcbf-3f018c36b68b.png,Grape,Black_rot,11,train
/app/imagenes/fcd0172b-f7f0-3896-b563-549a1f0bfa77.png,Grape,Black_rot,11,train
/app/imagenes/5647f65d-142d-3e50-b85c-d8c260a02123.png,Grape,Black_rot,11,train
/app/imagenes/5756bdc3-fefb-39a9-b314-019cdb818ac4.png,Grape,Black_rot,11,train
/app/imagenes/c0baa46e-3f18-3ba6-8699-ffacaa18ff3c.png,Grape,Black_rot,11,train
/app/imagenes/0dcc732f-6d88-39d4-bcb0-1318f5bbbc80.png,Grape,Black_rot,11,train
/app/imagenes/e867a85f-362e-3263-bea2-d824a4f4ac87.png,Grape,Black_rot,11,train
/app/imagenes/7a9ccf18-b8ba-34a1-9e32-a5ca27b89ba1.png,Grape,Black_rot,11,train
/app/imagenes/a504bf39-34ae-3317-ada5-f0f7e2ba3ef2.png,Grape,Black_rot,11,train
/app/imagenes/e20e1424-9590-3718-bb6b-09b81137f438.png,Grape,Black_rot,11,train
/app/imagenes/9e2ab23c-f612-3d98-8a7c-4d28aa590ce5.png,Grape,Black_rot,11,train
/app/imagenes/6418e01f-8f31-30f8-bde6-fb2e0a6dfe65.png,Grape,Black_rot,11,train
/app/imagenes/939226a3-2f59-3bcd-9caa-9606ccb70e77.png,Grape,Black_rot,11,train
/app/imagenes/3dff28c3-48ac-3e52-b223-cec466512a46.png,Grape,Black_rot,11,train
/app/imagenes/63571cf0-634f-3246-a958-3bfd8e2cddfc.png,Grape,Black_rot,11,train
/app/imagenes/156fdc6e-64aa-3807-8774-5a44acdc3351.png,Grape,Black_rot,11,train
/app/imagenes/5bbf886f-d84c-3fff-bbf5-1aa63c4aebc5.png,Grape,Black_rot,11,train
/app/imagenes/00c9c0f3-6693-32d2-be42-a6baa4db904d.png,Grape,Black_rot,11,train
/app/imagenes/b474d88b-8a8d-366a-97d6-4f1d4fee03cf.png,Grape,Black_rot,11,train
/app/imagenes/64677674-c10c-3612-b0c3-7aa7e57e1970.png,Grape,Black_rot,11,train
/app/imagenes/0fd513d6-9742-34b0-8f86-ae3e6bb2c31d.png,Grape,Black_rot,11,train
/app/imagenes/295e54ed-0daa-3b66-95a7-e99b701304a8.png,Grape,Black_rot,11,train
/app/imagenes/b2e25885-a2eb-3f90-a335-34c38eebfb5f.png,Grape,Black_rot,11,train
/app/imagenes/038b6e69-28e4-3a55-b628-5f66e5638026.png,Grape,Esca_(Black_Measles),12,train
/app/imagenes/704a63f7-7959-31ba-9f8e-48ec55ab4ce1.png,Grape,Esca_(Black_Measles),12,train
/app/imagenes/227b6f99-15ff-348f-9802-6346773f6d46.png,Grape,Esca_(Black_Measles),12,train
/app/imagenes/d90b9ab9-26bb-3c60-b580-18f8bef8eaf6.png,Grape,Esca_(Black_Measles),12,train
/app/imagenes/df19c251-fd82-33b0-b340-8a9bbb0a4c7d.png,Grape,Esca_(Black_Measles),12,train
/app/imagenes/646d75bc-f2a1-37a8-979a-91f323ed8da8.png,Grape,Esca_(Black_Measles),12,train
/app/imagenes/3aca0ebb-f094-398a-a653-ca6c7645b770.png,Grape,Esca_(Black_Measles),12,train
/app/imagenes/3f793a0a-79a2-3329-b498-92c7bb755157.png,Grape,Esca_(Black_Measles),12,train
/app/imagenes/f83cf686-8575-30c9-b007-abfd2cffd700.png,Grape,Esca_(Black_Measles),12,train
/app/imagenes/331e4e81-618f-3d12-b525-8df763fe5b6c.png,Grape,Esca_(Black_Measles),12,train
/app/imagenes/4b151ed0-1b47-3831-9823-214e7aa5d61f.png,Grape,Esca_(Black_Measles),12,train
/app/imagenes/9dca63fe-3bdc-33c8-bc06-c57bc0c04098.png,Grape,Esca_(Black_Measles),12,train
/app/imagenes/ffda8396-3552-36c3-8388-bfa8959b3cf5.png,Grape,Esca_(Black_Measles),12,train
/app/imagenes/37ebe571-5713-3183-9071-05518b0932a5.png,Grape,Esca_(Black_Measles),12,train
/app/imagenes/5c0aef08-2092-34e5-b203-6404288b76b5.png,Grape,Esca_(Black_Measles),12,train
/app/imagenes/1bddb15f-c1bf-30c7-9827-56ae7ee16521.png,Grape,Esca_(Black_Measles),12,train
/app/imagenes/3d09f255-b5eb-3b55-9861-b6012b6994cc.png,Grape,Esca_(Black_Measles),12,train
/app/imagenes/d9229846-f641-3bb5-ab7f-88387e8a5359.png,Grape,Esca_(Black_Measles),12,train
/app/imagenes/e7fca634-c8f6-31e3-9dfc-3b496f487fcf.png,Grape,Esca_(Black_Measles),12,train
/app/imagenes/a9292d6c-b244-36fe-8539-f9dec45045fd.png,Grape,Esca_(Black_Measles),12,train
/app/imagenes/feebc1c1-59ed-37bf-bd35-08a61ddbe7fd.png,Grape,Esca_(Black_Measles),12,train
/app/imagenes/fe70504d-5286-3bee-9377-fd8ccc664b22.png,Grape,Esca_(Black_Measles),12,train
/app/imagenes/17684ece-79ed-3f5e-8456-4452065684a8.png,Grape,Esca_(Black_Measles),12,train
/app/imagenes/38729416-7388-3eb4-9270-bf34f4eba851.png,Grape,Esca_(Black_Measles),12,train
/app/imagenes/90de9414-885e-368b-99fb-055221961273.png,Grape,Esca_(Black_Measles),12,train
/app/imagenes/2581cef6-3d58-3f12-aee1-aba42f2b1362.png,Grape,Esca_(Black_Measles),12,train
/app/imagenes/5bf97b25-200e-3ecc-a6c9-c1a68cd37b65.png,Grape,Esca_(Black_Measles),12,train
/app/imagenes/36450c70-daeb-37e9-8685-b6883c53a2a3.png,Grape,Esca_(Black_Measles),12,train
/app/imagenes/f2ca74ec-941d-3d1a-a9f6-f8337e2a01c8.png,Grape,Esca_(Black_Measles),12,train
/app/imagenes/2a05dbd1-bb98-3b83-ad10-a478dce3a702.png,Grape,Esca_(Black_Measles),12,train
/app/imagenes/bb2d69ca-0de8-374b-a547-912463eed340.png,Grape,Esca_(Black_Measles),12,train
/app/imagenes/1edc3956-6e47-3d78-ad15-b56013fb6cf0.png,Grape,Esca_(Black_Measles),12,train
/app/imagenes/7da06fdc-1854-36e6-a1ef-1456d49cffcf.png,Grape,Esca_(Black_Measles),12,train
/app/imagenes/142556ba-2262-3f12-895b-5f18dd4edeee.png,Grape,Esca_(Black_Measles),12,train
/app/imagenes/3db82ba8-e3d2-32cd-b1b3-0d5816efcb04.png,Grape,Esca_(Black_Measles),12,train
/app/imagenes/5cd31a3d-32dd-39c5-8398-c2f1330dd649.png,Grape,Esca_(Black_Measles),12,train
/app/imagenes/96987bcb-cb70-362b-a09f-3ce6b228f518.png,Grape,Esca_(Black_Measles),12,train
/app/imagenes/c2facda0-0ff9-3c9e-82e7-4ae9e31a4267.png,Grape,Esca_(Black_Measles),12,train
/app/imagenes/4499ca6b-1e1a-38e4-b088-b8582873fe4c.png,Grape,Esca_(Black_Measles),12,train
/app/imagenes/faac054c-f766-35de-bd6c-4571a22fa0d2.png,Grape,Esca_(Black_Measles),12,train
/app/imagenes/cf6187c9-e3d9-3bb5-ac68-3fe94ada3c0b.png,Grape,Esca_(Black_Measles),12,train
/app/imagenes/5e4f4470-1df3-3474-b24e-4e3cd1b7013c.png,Grape,Esca_(Black_Measles),12,train
/app/imagenes/2003d5ae-d6c8-3d7e-b8bc-db1b30516790.png,Grape,Esca_(Black_Measles),12,train
/app/imagenes/63482ccc-8ed1-3113-a51e-649075f465cf.png,Grape,Esca_(Black_Measles),12,train
/app/imagenes/85e536e7-f96f-3624-bb28-f33e594d6af1.png,Grape,Esca_(Black_Measles),12,train
/app/imagenes/3d4853ca-c3aa-36f2-9c13-efc0f5ef5eff.png,Grape,Esca_(Black_Measles),12,train
/app/imagenes/116995d9-63ce-3831-8df1-2aaebf8edec5.png,Grape,Esca_(Black_Measles),12,train
/app/imagenes/cbaea736-1154-3b1e-963e-bce7a4df0160.png,Grape,Esca_(Black_Measles),12,train
/app/imagenes/0f7f710b-feff-3d92-8efe-df79a62391b6.png,Grape,Esca_(Black_Measles),12,train
/app/imagenes/58083d9e-7c7e-31ea-8a79-88b67873b4cb.png,Grape,Esca_(Black_Measles),12,train
/app/imagenes/6596a82e-e255-3dad-bab6-d84aa0c13423.png,Grape,Esca_(Black_Measles),12,train
/app/imagenes/75a23d8e-1369-3bee-a832-61eed1c929ec.png,Grape,Esca_(Black_Measles),12,train
/app/imagenes/a985db11-4c64-3a7f-8bfd-2c61d7da9bc9.png,Grape,Esca_(Black_Measles),12,train
/app/imagenes/463f5936-d334-35ab-9581-ed31c7d165b8.png,Grape,Esca_(Black_Measles),12,train
/app/imagenes/68f741ca-cf30-3538-8d5f-babbb0be8470.png,Grape,Esca_(Black_Measles),12,train
/app/imagenes/af9c63be-061b-3db4-a316-8e500f38dcb9.png,Grape,Esca_(Black_Measles),12,train
/app/imagenes/a71b3633-4ab5-3a2a-bfdb-d70caae510eb.png,Grape,Esca_(Black_Measles),12,train
/app/imagenes/a44f81c8-9f4d-3eda-939b-d0bcea565008.png,Grape,Esca_(Black_Measles),12,train
/app/imagenes/ade40754-6c29-34af-84e1-b74ef635f743.png,Grape,Esca_(Black_Measles),12,train
/app/imagenes/ee1d1755-1375-3cbc-a227-60a88c26bbd7.png,Grape,Esca_(Black_Measles),12,train
/app/imagenes/cd1c5361-f79a-36e6-838c-d413bd4a337f.png,Grape,Esca_(Black_Measles),12,train
/app/imagenes/921d5bee-ebf4-3414-bb60-1c48d74113b3.png,Grape,Esca_(Black_Measles),12,train
/app/imagenes/80c88e19-26b0-3350-bbb7-b04ad032e189.png,Grape,Esca_(Black_Measles),12,train
/app/imagenes/548d5727-9a79-3729-ba9a-aadb1034e485.png,Grape,Esca_(Black_Measles),12,train
/app/imagenes/7dfad5fa-ae15-302a-a95a-ddb0ac7e17af.png,Grape,Esca_(Black_Measles),12,train
/app/imagenes/850eac74-6cbf-3361-8e09-ecb84a778cc8.png,Grape,Esca_(Black_Measles),12,train
/app/imagenes/f8ec13a0-8a5b-35fc-b0c8-55afd790ddc4.png,Grape,Esca_(Black_Measles),12,train
/app/imagenes/b11f069c-8491-34b2-b9aa-b8ac5c11f4e1.png,Grape,Esca_(Black_Measles),12,train
/app/imagenes/db17a82c-03be-3d90-9cd9-cf488c679b16.png,Grape,Esca_(Black_Measles),12,train
/app/imagenes/8fefe6f9-dea3-36da-b3fb-a59001368eb1.png,Grape,Esca_(Black_Measles),12,train
/app/imagenes/d3c86d8a-4a42-3fcb-bc00-102435384b90.png,Grape,healthy,13,train
/app/imagenes/a4b7dc86-7263-37ab-9693-2856be4c4c56.png,Grape,healthy,13,train
/app/imagenes/9b6a28db-5677-37ec-aec5-feb1272f8c3a.png,Grape,healthy,13,train
/app/imagenes/4a73dd70-9c5f-3264-b563-1e93de96c97a.png,Grape,healthy,13,train
/app/imagenes/a5bce4ca-ae8c-31f7-8fa2-cfda132be5a9.png,Grape,healthy,13,train
/app/imagenes/586adc05-1e46-3696-8f05-332f092cad88.png,Grape,healthy,13,train
/app/imagenes/2e027de4-219f-3bdc-8c40-b5cc4efd3563.png,Grape,healthy,13,train
/app/imagenes/23fe73a0-9f1c-3680-b27f-721ab5f720d7.png,Grape,healthy,13,train
/app/imagenes/dfa88221-8cf6-38ae-bd7d-4af90cd9bb82.png,Grape,healthy,13,train
/app/imagenes/3f94b732-b6d8-3b8b-8ef0-988a65a2f54a.png,Grape,healthy,13,train
/app/imagenes/ce99e07b-57cc-3152-a6d2-edcad937828f.png,Grape,healthy,13,train
/app/imagenes/9da7fcb8-3ca4-365b-b92c-0d947bba4fff.png,Grape,healthy,13,train
/app/imagenes/eafefbf8-de00-305f-b7b3-6ffc1694b6cf.png,Grape,healthy,13,train
/app/imagenes/45940c91-d1c6-34c4-b954-5652f5d6b353.png,Grape,healthy,13,train
/app/imagenes/fffe159a-7a10-3e75-9756-5c3b53d38927.png,Grape,healthy,13,train
/app/imagenes/3a9cbebc-6ff4-30c3-afde-92462cdeea12.png,Grape,healthy,13,train
/app/imagenes/bad49b58-e89d-3525-8052-1749b0028649.png,Grape,healthy,13,train
/app/imagenes/169d299a-873e-3697-a0f5-bf83d90482bc.png,Grape,healthy,13,train
/app/imagenes/2da6f7c8-fa79-338e-9ff3-57ac42a2a711.png,Grape,healthy,13,train
/app/imagenes/85b4475b-a64e-3154-bc53-0588b8761698.png,Grape,healthy,13,train
/app/imagenes/77690617-198b-3621-b2fe-89aeee5855ab.png,Grape,healthy,13,train
/app/imagenes/a58af0ee-bd16-332a-a255-091a50eed647.png,Grape,healthy,13,train
/app/imagenes/1c7e0a79-61e4-329d-8a3d-924d15df9f28.png,Grape,healthy,13,train
/app/imagenes/997a3055-0001-30fe-bb95-fdd2b4c25d5c.png,Grape,healthy,13,train
/app/imagenes/338048a7-6d29-3e8d-9c02-76aaf03bfee0.png,Grape,healthy,13,train
/app/imagenes/9e101826-fb7f-3be5-9645-267ac0d71cb5.png,Grape,healthy,13,train
/app/imagenes/f48ad099-7ce9-3dd9-a444-8556397a0cef.png,Grape,healthy,13,train
/app/imagenes/65a1910f-9984-3622-a517-86e6a224cc3d.png,Grape,healthy,13,train
/app/imagenes/7b643de5-e037-3b1f-8098-65d8bf9c6e9f.png,Grape,healthy,13,train
/app/imagenes/0a63b372-bd53-39fa-93eb-24548c20e898.png,Grape,healthy,13,train
/app/imagenes/7ced1b4a-acfd-3da1-913f-3d52b434bc07.png,Grape,healthy,13,train
/app/imagenes/652821e2-04a2-3225-86cb-e0559e3a153e.png,Grape,healthy,13,train
/app/imagenes/83418b63-ee5e-3b83-a1f4-0cc3e9d6a20e.png,Grape,healthy,13,train
/app/imagenes/37227604-1090-36c1-b814-7f218d411f29.png,Grape,healthy,13,train
/app/imagenes/9ddf0f64-e55b-3f31-8fbe-d828f4077e3b.png,Grape,healthy,13,train
/app/imagenes/d184e120-957a-3e28-bdb6-acdf3f12214a.png,Grape,healthy,13,train
/app/imagenes/ec0f97d3-4e8a-38f3-b1e2-6bcb59f3fb9a.png,Grape,healthy,13,train
/app/imagenes/0a2d4b83-a9a4-3238-b6d9-8d58901c21f0.png,Grape,healthy,13,train
/app/imagenes/f72cbf16-05f1-3472-ac3c-fe8d06830f42.png,Grape,healthy,13,train
/app/imagenes/148913a5-445a-3a93-9f6e-f1c10086289e.png,Grape,healthy,13,train
/app/imagenes/3fa8754d-863a-32a9-aee7-6669b51621bc.png,Grape,healthy,13,train
/app/imagenes/2cd3b7b9-edfc-3a15-b6e3-1574278a81d8.png,Grape,healthy,13,train
/app/imagenes/da0b5cfd-9d0c-3837-a067-744bd5f357db.png,Grape,healthy,13,train
/app/imagenes/26a68016-ef5b-3dff-9129-634b6e63e258.png,Grape,healthy,13,train
/app/imagenes/21370778-84ac-3637-a347-ee3eba31b1d4.png,Grape,healthy,13,train
/app/imagenes/3a695b05-0bce-3c5f-ab22-fb53bf02cfda.png,Grape,healthy,13,train
/app/imagenes/f0df25fc-4e36-34c9-b15f-736dd747ee9e.png,Grape,healthy,13,train
/app/imagenes/27fa8e1b-2515-3115-9d1f-fd57585156e9.png,Grape,healthy,13,train
/app/imagenes/291b0a28-4de2-3b3b-ad66-849004fdc166.png,Grape,healthy,13,train
/app/imagenes/8823bd30-8f86-32a4-b319-de883550fe73.png,Grape,healthy,13,train
/app/imagenes/5fbcfb61-0e8d-348a-8cce-de23696fb7c0.png,Grape,healthy,13,train
/app/imagenes/f705cc83-70df-3283-aedf-6c9ca570e0ca.png,Grape,healthy,13,train
/app/imagenes/4b623a10-3848-3332-b025-203b28cf2b37.png,Grape,healthy,13,train
/app/imagenes/ef5be5fc-ae89-390d-8646-5342adbc8e2e.png,Grape,healthy,13,train
/app/imagenes/ee539cee-5b02-34c7-ae93-bf323cabdcec.png,Grape,healthy,13,train
/app/imagenes/d56d0ffc-103b-356b-ab85-ae0f882a8ac0.png,Grape,healthy,13,train
/app/imagenes/72e36fcf-0895-328c-a0fa-e21c8d68b8b1.png,Grape,healthy,13,train
/app/imagenes/1bf46af7-497d-334e-82e8-9808bd9263ec.png,Grape,healthy,13,train
/app/imagenes/48d0cc4f-64a5-316b-8184-16cc40b0c74d.png,Grape,healthy,13,train
/app/imagenes/20726261-420f-31ff-af92-18513b383a53.png,Grape,healthy,13,train
/app/imagenes/43c3ecda-b02a-33f4-bc6d-792c3ef82a84.png,Grape,healthy,13,train
/app/imagenes/f9074307-bdb2-3aff-a8f7-f266fb09cb42.png,Grape,healthy,13,train
/app/imagenes/91713462-2844-3d66-ae66-041872c82c18.png,Grape,healthy,13,train
/app/imagenes/55720d28-26fa-3fff-8671-f7312479c1b8.png,Grape,healthy,13,train
/app/imagenes/bda035a2-51f8-3dec-a826-7047a8d9411b.png,Grape,healthy,13,train
/app/imagenes/d0f576c4-2846-34f3-a14b-85a0fac9dd3f.png,Grape,healthy,13,train
/app/imagenes/d88442ca-20d1-3fd3-bd5b-3a43a0722f1a.png,Grape,healthy,13,train
/app/imagenes/6b01db47-d099-3696-8682-3dfd52ecaa80.png,Grape,healthy,13,train
/app/imagenes/8eda7527-d299-3285-8a82-4ce2072251ba.png,Grape,healthy,13,train
/app/imagenes/bd41c75d-a7a6-3a41-90c0-c1293578aa92.png,Grape,healthy,13,train
/app/imagenes/22765c2c-9a35-3a55-bbec-216a10c2964e.png,Grape,Leaf_blight_(Isariopsis_Leaf_Spot),14,train
/app/imagenes/514daea0-afb4-3cb1-9a62-d483465683d2.png,Grape,Leaf_blight_(Isariopsis_Leaf_Spot),14,train
/app/imagenes/3d98d1ae-70c5-3adf-bee6-68ec10f00647.png,Grape,Leaf_blight_(Isariopsis_Leaf_Spot),14,train
/app/imagenes/3a7ea556-c456-3bad-93d1-37e5901067c6.png,Grape,Leaf_blight_(Isariopsis_Leaf_Spot),14,train
/app/imagenes/ae05de7a-071e-3311-be9e-a8aacefbe0a2.png,Grape,Leaf_blight_(Isariopsis_Leaf_Spot),14,train
/app/imagenes/f2ff9d5d-7fbb-356e-a48a-bfb7be8accca.png,Grape,Leaf_blight_(Isariopsis_Leaf_Spot),14,train
/app/imagenes/1c9a50a0-52ca-30a0-a555-d58f6c6b1fb0.png,Grape,Leaf_blight_(Isariopsis_Leaf_Spot),14,train
/app/imagenes/cb8f88f4-83c7-3f4a-98cc-370c0593acc8.png,Grape,Leaf_blight_(Isariopsis_Leaf_Spot),14,train
/app/imagenes/90b92daa-1c0a-3302-8be9-41b8ffa422be.png,Grape,Leaf_blight_(Isariopsis_Leaf_Spot),14,train
/app/imagenes/cc22d379-01f9-322e-9215-d368930144ee.png,Grape,Leaf_blight_(Isariopsis_Leaf_Spot),14,train
/app/imagenes/23011fae-d544-36b0-96aa-5740b6206072.png,Grape,Leaf_blight_(Isariopsis_Leaf_Spot),14,train
/app/imagenes/0ebe2580-abe6-32ea-a50c-08142daeb1c6.png,Grape,Leaf_blight_(Isariopsis_Leaf_Spot),14,train
/app/imagenes/e54f9bdb-c06e-3caf-b2fe-9863b8ebca37.png,Grape,Leaf_blight_(Isariopsis_Leaf_Spot),14,train
/app/imagenes/a92e0ac5-e3a5-3261-b446-3d6e9d842819.png,Grape,Leaf_blight_(Isariopsis_Leaf_Spot),14,train
/app/imagenes/e1f86d5d-e496-3104-8d19-8ddc6243b19a.png,Grape,Leaf_blight_(Isariopsis_Leaf_Spot),14,train
/app/imagenes/2dd4d000-14f6-3066-9892-f34168d82c30.png,Grape,Leaf_blight_(Isariopsis_Leaf_Spot),14,train
/app/imagenes/f0dd4952-e323-3d15-96a1-d159ade7a774.png,Grape,Leaf_blight_(Isariopsis_Leaf_Spot),14,train
/app/imagenes/bf450409-ad93-3440-8cbf-2a3d32e29a3b.png,Grape,Leaf_blight_(Isariopsis_Leaf_Spot),14,train
/app/imagenes/167cce0b-10ca-360f-9acd-aa84053b8cc1.png,Grape,Leaf_blight_(Isariopsis_Leaf_Spot),14,train
/app/imagenes/62ac6c31-3147-3fa1-ae99-bd2b516d7adb.png,Grape,Leaf_blight_(Isariopsis_Leaf_Spot),14,train
/app/imagenes/57359541-a1cf-3214-9e2f-7cf89c4a0338.png,Grape,Leaf_blight_(Isariopsis_Leaf_Spot),14,train
/app/imagenes/52e5a4e4-45a8-385d-aaaa-6835897f2d38.png,Grape,Leaf_blight_(Isariopsis_Leaf_Spot),14,train
/app/imagenes/b4a4c071-ab3d-3ced-aec4-f24c8c2b6dea.png,Grape,Leaf_blight_(Isariopsis_Leaf_Spot),14,train
/app/imagenes/cb7851bf-cb4a-38bb-a521-16a78829c9a5.png,Grape,Leaf_blight_(Isariopsis_Leaf_Spot),14,train
/app/imagenes/db63368b-3f20-35f3-a9ad-cf4dad5a2928.png,Grape,Leaf_blight_(Isariopsis_Leaf_Spot),14,train
/app/imagenes/8b924b69-070f-39e4-a66c-ed6587ce4ba4.png,Grape,Leaf_blight_(Isariopsis_Leaf_Spot),14,train
/app/imagenes/7d4b3ee2-0110-3739-b9af-b95a0514c66b.png,Grape,Leaf_blight_(Isariopsis_Leaf_Spot),14,train
/app/imagenes/724e82e6-9325-3736-a177-b9187f66141c.png,Grape,Leaf_blight_(Isariopsis_Leaf_Spot),14,train
/app/imagenes/60f37fa8-c86e-3aac-a1aa-36c5a2f6667d.png,Grape,Leaf_blight_(Isariopsis_Leaf_Spot),14,train
/app/imagenes/99898553-9e02-30dd-b1da-959052835f60.png,Grape,Leaf_blight_(Isariopsis_Leaf_Spot),14,train
/app/imagenes/2ceb13b4-23af-3c37-a214-6271e466dcf7.png,Grape,Leaf_blight_(Isariopsis_Leaf_Spot),14,train
/app/imagenes/05508590-12da-3949-8ff8-e3ef99b4b9df.png,Grape,Leaf_blight_(Isariopsis_Leaf_Spot),14,train
/app/imagenes/9e9d7d0a-7691-3a1f-9240-84fd03411d08.png,Grape,Leaf_blight_(Isariopsis_Leaf_Spot),14,train
/app/imagenes/cc9241ca-3514-34e2-a92c-b349b277f82d.png,Grape,Leaf_blight_(Isariopsis_Leaf_Spot),14,train
/app/imagenes/061928c5-fff7-3cf7-9059-7b5651fa055b.png,Grape,Leaf_blight_(Isariopsis_Leaf_Spot),14,train
/app/imagenes/dfc87cd5-6ca6-39cf-b32a-a8d37055e9de.png,Grape,Leaf_blight_(Isariopsis_Leaf_Spot),14,train
/app/imagenes/021a4cd9-89e7-34f2-86d7-fb34a9109873.png,Grape,Leaf_blight_(Isariopsis_Leaf_Spot),14,train
/app/imagenes/39590d8d-755f-345a-ad46-14f4adc93353.png,Grape,Leaf_blight_(Isariopsis_Leaf_Spot),14,train
/app/imagenes/83649ca7-5824-3001-95dd-73dada39eda3.png,Grape,Leaf_blight_(Isariopsis_Leaf_Spot),14,train
/app/imagenes/15aab2d3-f676-3063-baf9-2e120465b7f5.png,Grape,Leaf_blight_(Isariopsis_Leaf_Spot),14,train
/app/imagenes/f074672e-5848-3a60-bcc6-99430a817da7.png,Grape,Leaf_blight_(Isariopsis_Leaf_Spot),14,train
/app/imagenes/b71ecf53-deff-3d8f-bd70-1a932147ab21.png,Grape,Leaf_blight_(Isariopsis_Leaf_Spot),14,train
/app/imagenes/78770991-0b0e-3905-9374-9d8b40dcbf4c.png,Grape,Leaf_blight_(Isariopsis_Leaf_Spot),14,train
/app/imagenes/9cdeb793-8b05-3bcc-a4b8-6fa2f64fe5b8.png,Grape,Leaf_blight_(Isariopsis_Leaf_Spot),14,train
/app/imagenes/49c38920-c516-39b0-b4e3-3834e945a31f.png,Grape,Leaf_blight_(Isariopsis_Leaf_Spot),14,train
/app/imagenes/9a584eb2-f0e5-318f-b37f-2ec4dc5bc548.png,Grape,Leaf_blight_(Isariopsis_Leaf_Spot),14,train
/app/imagenes/f4014365-7e05-3bca-8e2f-c65df36591f1.png,Grape,Leaf_blight_(Isariopsis_Leaf_Spot),14,train
/app/imagenes/89528a2d-353b-31e5-b53d-a2833ead3b9e.png,Grape,Leaf_blight_(Isariopsis_Leaf_Spot),14,train
/app/imagenes/fc5af1c8-5eca-38b2-9383-cdd2709c6a4c.png,Grape,Leaf_blight_(Isariopsis_Leaf_Spot),14,train
/app/imagenes/7fc039ce-2caf-378c-985a-657c733be177.png,Grape,Leaf_blight_(Isariopsis_Leaf_Spot),14,train
/app/imagenes/dd9cacdb-d23f-33cc-a99e-30df5aa73525.png,Grape,Leaf_blight_(Isariopsis_Leaf_Spot),14,train
/app/imagenes/27ba7f8a-0e78-3872-954f-96bd928f04a2.png,Grape,Leaf_blight_(Isariopsis_Leaf_Spot),14,train
/app/imagenes/bc82396d-7936-3900-93b9-35e1b0e4f420.png,Grape,Leaf_blight_(Isariopsis_Leaf_Spot),14,train
/app/imagenes/12ba3b02-0511-3e82-9ee8-221d6bffe4e1.png,Grape,Leaf_blight_(Isariopsis_Leaf_Spot),14,train
/app/imagenes/f0edb434-a4b6-304b-8676-7995db4c129c.png,Grape,Leaf_blight_(Isariopsis_Leaf_Spot),14,train
/app/imagenes/69bfea71-6437-3c00-b860-9b94136e57d9.png,Grape,Leaf_blight_(Isariopsis_Leaf_Spot),14,train
/app/imagenes/24289b84-5cc1-3467-af6c-f3ed1f3e7764.png,Grape,Leaf_blight_(Isariopsis_Leaf_Spot),14,train
/app/imagenes/c4fa6272-1c47-3be6-aa26-275d12f3b4c3.png,Grape,Leaf_blight_(Isariopsis_Leaf_Spot),14,train
/app/imagenes/e4ed4724-56cd-3212-98fe-7afd03354033.png,Grape,Leaf_blight_(Isariopsis_Leaf_Spot),14,train
/app/imagenes/e7704729-0182-371f-940c-a8f65af95a33.png,Grape,Leaf_blight_(Isariopsis_Leaf_Spot),14,train
/app/imagenes/ebc9ed5c-0f8d-349c-8f25-6ad7137fd43d.png,Grape,Leaf_blight_(Isariopsis_Leaf_Spot),14,train
/app/imagenes/50e2c8b8-7087-33d6-8e62-b81f486299a9.png,Grape,Leaf_blight_(Isariopsis_Leaf_Spot),14,train
/app/imagenes/0f4477ff-7b17-3e73-9c25-ebf1dce22879.png,Grape,Leaf_blight_(Isariopsis_Leaf_Spot),14,train
/app/imagenes/6de19b74-8833-39ae-82c2-9e4c7db81148.png,Grape,Leaf_blight_(Isariopsis_Leaf_Spot),14,train
/app/imagenes/44151d49-d85e-3192-a79d-b65573d7cb32.png,Grape,Leaf_blight_(Isariopsis_Leaf_Spot),14,train
/app/imagenes/83c48d98-5b66-35ca-b1d8-38d908fdeec7.png,Grape,Leaf_blight_(Isariopsis_Leaf_Spot),14,train
/app/imagenes/0a097d00-8e84-3e1b-b494-0aef964360e6.png,Grape,Leaf_blight_(Isariopsis_Leaf_Spot),14,train
/app/imagenes/43e29c66-57a2-3c26-83f2-d02965c8d1ac.png,Grape,Leaf_blight_(Isariopsis_Leaf_Spot),14,train
/app/imagenes/e0475320-e9fd-3189-ba1e-a493e991feed.png,Grape,Leaf_blight_(Isariopsis_Leaf_Spot),14,train
/app/imagenes/2e5c74d2-72ff-3985-808a-90957a3455f8.png,Grape,Leaf_blight_(Isariopsis_Leaf_Spot),14,train
/app/imagenes/9446f6d6-163b-3061-a65f-c94152d5af50.png,Orange,Haunglongbing_(Citrus_greening),15,train
/app/imagenes/ee580ab4-0bc4-3e6b-83a0-295693e3e1f1.png,Orange,Haunglongbing_(Citrus_greening),15,train
/app/imagenes/8b2e94ca-f4cb-36c9-9929-5462b3b3cf66.png,Orange,Haunglongbing_(Citrus_greening),15,train
/app/imagenes/6344bf86-9d78-3ebc-a45e-c76a350ea53a.png,Orange,Haunglongbing_(Citrus_greening),15,train
/app/imagenes/b450ed6b-bfee-3514-bea2-c0ddbc3e2086.png,Orange,Haunglongbing_(Citrus_greening),15,train
/app/imagenes/e1479b78-4241-316b-9732-76272cfff2e4.png,Orange,Haunglongbing_(Citrus_greening),15,train
/app/imagenes/7c628b52-171d-3f3c-bb82-9cbc4c4be83a.png,Orange,Haunglongbing_(Citrus_greening),15,train
/app/imagenes/efbcea68-22ef-340d-844f-247e94c369a2.png,Orange,Haunglongbing_(Citrus_greening),15,train
/app/imagenes/f6f2356a-ef8e-3efa-9c77-88d3562c65b9.png,Orange,Haunglongbing_(Citrus_greening),15,train
/app/imagenes/85e40db7-747d-3c75-b3d5-f769dcdab5a8.png,Orange,Haunglongbing_(Citrus_greening),15,train
/app/imagenes/68c2028f-6928-3ca9-95ae-da32790903b0.png,Orange,Haunglongbing_(Citrus_greening),15,train
/app/imagenes/ea49af8f-aeb2-35c8-8fdd-ad09297e6664.png,Orange,Haunglongbing_(Citrus_greening),15,train
/app/imagenes/ec6560b5-09b2-3da4-8217-f04a7b520882.png,Orange,Haunglongbing_(Citrus_greening),15,train
/app/imagenes/afc0d5af-88cb-34fd-b5b0-4492cd4a7a7a.png,Orange,Haunglongbing_(Citrus_greening),15,train
/app/imagenes/9c243d58-cb8c-3d46-917d-79ddebe0f93a.png,Orange,Haunglongbing_(Citrus_greening),15,train
/app/imagenes/0324deb1-5681-3b5d-87ec-ac133af0ba69.png,Orange,Haunglongbing_(Citrus_greening),15,train
/app/imagenes/ce184725-dba4-367b-bf6f-5ffb9b257115.png,Orange,Haunglongbing_(Citrus_greening),15,train
/app/imagenes/1cfbac9d-6607-394f-b22b-6475e91f3a33.png,Orange,Haunglongbing_(Citrus_greening),15,train
/app/imagenes/43415cab-c4f1-3254-9435-87a2eb2c2d77.png,Orange,Haunglongbing_(Citrus_greening),15,train
/app/imagenes/f79779be-95c5-3e2e-9ed3-4297b2634ac4.png,Orange,Haunglongbing_(Citrus_greening),15,train
/app/imagenes/91f05144-3d92-319b-8223-4de47fbe2b23.png,Orange,Haunglongbing_(Citrus_greening),15,train
/app/imagenes/4a517eab-39aa-3243-a602-9ae64966387a.png,Orange,Haunglongbing_(Citrus_greening),15,train
/app/imagenes/b182b4e4-00ca-341d-be7d-0a0fe2b866ff.png,Orange,Haunglongbing_(Citrus_greening),15,train
/app/imagenes/a01abaee-cb0b-3617-bfb1-f215f93e93f9.png,Orange,Haunglongbing_(Citrus_greening),15,train
/app/imagenes/05ff0e3f-dda8-341b-928a-474c4c6da5fd.png,Orange,Haunglongbing_(Citrus_greening),15,train
/app/imagenes/aa6bd335-f666-3a45-b791-d77daa4a8cf2.png,Orange,Haunglongbing_(Citrus_greening),15,train
/app/imagenes/679ab6bb-11d1-351f-a0f2-d4e02ea92d8e.png,Orange,Haunglongbing_(Citrus_greening),15,train
/app/imagenes/e33e1ab3-51cb-3d60-bfec-3ac676cba5b1.png,Orange,Haunglongbing_(Citrus_greening),15,train
/app/imagenes/d35d82d5-a775-3b21-96f7-b3017cc500f8.png,Orange,Haunglongbing_(Citrus_greening),15,train
/app/imagenes/810f4f20-93f5-3e41-ae38-963d7cec8ad0.png,Orange,Haunglongbing_(Citrus_greening),15,train
/app/imagenes/f95d2fb3-4577-310e-910d-67503ce3c2ab.png,Orange,Haunglongbing_(Citrus_greening),15,train
/app/imagenes/95f7ac30-1912-371a-aed2-94459efdbaea.png,Orange,Haunglongbing_(Citrus_greening),15,train
/app/imagenes/462598f6-95be-3259-b2c5-cf6abe5ecb42.png,Orange,Haunglongbing_(Citrus_greening),15,train
/app/imagenes/f4943981-3dab-398a-b787-6616b997d4ee.png,Orange,Haunglongbing_(Citrus_greening),15,train
/app/imagenes/b80106e4-276e-3e46-b433-23e239c02289.png,Orange,Haunglongbing_(Citrus_greening),15,train
/app/imagenes/57518ba9-6ff9-339b-a617-72cc8d20a5d8.png,Orange,Haunglongbing_(Citrus_greening),15,train
/app/imagenes/7874f6ad-7f3c-310f-864c-86e3cb8de983.png,Orange,Haunglongbing_(Citrus_greening),15,train
/app/imagenes/c821207c-f35e-31d3-90bc-05469bdc06e2.png,Orange,Haunglongbing_(Citrus_greening),15,train
/app/imagenes/fb61584d-9e78-32a4-b93a-a42418eac2e7.png,Orange,Haunglongbing_(Citrus_greening),15,train
/app/imagenes/f715a543-e938-3552-856a-53dea1991aa6.png,Orange,Haunglongbing_(Citrus_greening),15,train
/app/imagenes/b0bcf651-4f15-364b-9915-5615bd619a04.png,Orange,Haunglongbing_(Citrus_greening),15,train
/app/imagenes/3b822fac-48fd-3542-ac14-b29cbbbc278f.png,Orange,Haunglongbing_(Citrus_greening),15,train
/app/imagenes/7c941f00-d26d-3b7d-96bc-2030dcd40b16.png,Orange,Haunglongbing_(Citrus_greening),15,train
/app/imagenes/1a55d59b-6de7-3f5e-aefa-6a4935cf0952.png,Orange,Haunglongbing_(Citrus_greening),15,train
/app/imagenes/7912a99c-0bc8-3f98-98f2-638ab1cd6419.png,Orange,Haunglongbing_(Citrus_greening),15,train
/app/imagenes/571b1c60-2ec6-3e04-b806-f27ce3201b5a.png,Orange,Haunglongbing_(Citrus_greening),15,train
/app/imagenes/82fba394-fe21-3a7b-affd-77254bad2a92.png,Orange,Haunglongbing_(Citrus_greening),15,train
/app/imagenes/c2ab62a6-b62c-3b1d-aba8-9e818d7cdbf3.png,Orange,Haunglongbing_(Citrus_greening),15,train
/app/imagenes/0c1d9681-ed9a-3181-a21d-d4359040b1d0.png,Orange,Haunglongbing_(Citrus_greening),15,train
/app/imagenes/f5dea0cc-6125-32f3-941b-a52d812d0e04.png,Orange,Haunglongbing_(Citrus_greening),15,train
/app/imagenes/469fec0a-fa83-38b0-9654-374f9279e366.png,Orange,Haunglongbing_(Citrus_greening),15,train
/app/imagenes/33b36ec0-0364-3f84-afc5-5d9fa0d32498.png,Orange,Haunglongbing_(Citrus_greening),15,train
/app/imagenes/cd759b62-246d-3084-bd8a-d973a4edd669.png,Orange,Haunglongbing_(Citrus_greening),15,train
/app/imagenes/c2cf7d1d-58ac-31be-9600-bb79a68d7019.png,Orange,Haunglongbing_(Citrus_greening),15,train
/app/imagenes/f88217d5-bf09-3c1a-8f71-10c5c7ed3f34.png,Orange,Haunglongbing_(Citrus_greening),15,train
/app/imagenes/1728132f-d530-32df-8c8d-b605be49d006.png,Orange,Haunglongbing_(Citrus_greening),15,train
/app/imagenes/8cd30bff-aa8a-38d3-8818-1b6e0e759572.png,Orange,Haunglongbing_(Citrus_greening),15,train
/app/imagenes/50d3cc99-1577-3a19-a71a-559cc9d65f55.png,Orange,Haunglongbing_(Citrus_greening),15,train
/app/imagenes/e5f0c197-28e5-3e74-8218-5b48dbc2705e.png,Orange,Haunglongbing_(Citrus_greening),15,train
/app/imagenes/449c21e7-5449-3d78-aed0-915450599472.png,Orange,Haunglongbing_(Citrus_greening),15,train
/app/imagenes/350c4504-7a58-3ce0-9263-167985ac1da3.png,Orange,Haunglongbing_(Citrus_greening),15,train
/app/imagenes/586d96cd-3577-3a84-9986-a43b4906b697.png,Orange,Haunglongbing_(Citrus_greening),15,train
/app/imagenes/be27d82d-8b64-3edc-a699-b8198063364d.png,Orange,Haunglongbing_(Citrus_greening),15,train
/app/imagenes/807560ac-1f9d-32d0-a4f9-7d7f4f73124b.png,Orange,Haunglongbing_(Citrus_greening),15,train
/app/imagenes/3d7a8908-290a-366e-8ee3-3c1e51a89171.png,Orange,Haunglongbing_(Citrus_greening),15,train
/app/imagenes/780b688a-354d-346d-a56f-c0c33131f764.png,Orange,Haunglongbing_(Citrus_greening),15,train
/app/imagenes/8a58285a-bc52-3109-b39b-92e19cb89255.png,Orange,Haunglongbing_(Citrus_greening),15,train
/app/imagenes/40441e83-8bf6-36d2-a30d-223334ffbe78.png,Orange,Haunglongbing_(Citrus_greening),15,train
/app/imagenes/a1478ea1-1335-3fca-b0ea-0af55b27bf4f.png,Orange,Haunglongbing_(Citrus_greening),15,train
/app/imagenes/02fc05dc-187f-3686-81b2-9a6aff578c47.png,Orange,Haunglongbing_(Citrus_greening),15,train
/app/imagenes/437d19e6-7e69-3dfb-9f63-5c2f96a43f05.png,Peach,Bacterial_spot,16,train
/app/imagenes/566bd9c8-f103-360b-9132-52de58e47f25.png,Peach,Bacterial_spot,16,train
/app/imagenes/a1994bd7-941a-323c-a8a2-fc831046a978.png,Peach,Bacterial_spot,16,train
/app/imagenes/d3806073-2da1-3bfd-8ce3-d57d7662cdb0.png,Peach,Bacterial_spot,16,train
/app/imagenes/9d8a8b9b-7daa-3e4f-a8e7-fc7bff3ab94d.png,Peach,Bacterial_spot,16,train
/app/imagenes/39b76e2b-d1c1-358d-a1dd-c24bc818cd3c.png,Peach,Bacterial_spot,16,train
/app/imagenes/8ac52e07-4a0e-3b7f-9fd0-2b300171cd6d.png,Peach,Bacterial_spot,16,train
/app/imagenes/dfced761-eeec-38d6-a31b-25478b4f07b6.png,Peach,Bacterial_spot,16,train
/app/imagenes/ba795c6f-7288-3a97-b0ca-ceea37bdbeee.png,Peach,Bacterial_spot,16,train
/app/imagenes/344d1b4b-611d-3526-99b8-4bce395e4f0d.png,Peach,Bacterial_spot,16,train
/app/imagenes/ea8718b9-ee7b-3c5f-a825-96350eed0a2d.png,Peach,Bacterial_spot,16,train
/app/imagenes/719f7f6b-1034-3a3e-90b9-510bfe7e19af.png,Peach,Bacterial_spot,16,train
/app/imagenes/779c791f-160e-3360-bce2-af5347b99a14.png,Peach,Bacterial_spot,16,train
/app/imagenes/3c0869dd-b74f-39cc-8ef7-4b99a9e82299.png,Peach,Bacterial_spot,16,train
/app/imagenes/c72c6a9d-1e00-3902-9820-9a3ea9ad2ed1.png,Peach,Bacterial_spot,16,train
/app/imagenes/de5769de-547e-3d2b-a96a-542476523e89.png,Peach,Bacterial_spot,16,train
/app/imagenes/41ed5325-267f-3f8d-b162-9537da3ca657.png,Peach,Bacterial_spot,16,train
/app/imagenes/3eb79997-e2ad-3804-b4a5-5594c1423c36.png,Peach,Bacterial_spot,16,train
/app/imagenes/34ba069d-3135-370c-a405-5f3bebf9f3ee.png,Peach,Bacterial_spot,16,train
/app/imagenes/a03e6228-0103-322a-a904-09feb1a0adcf.png,Peach,Bacterial_spot,16,train
/app/imagenes/6cb473e8-db39-3b81-8d60-c5359c4c25c9.png,Peach,Bacterial_spot,16,train
/app/imagenes/bfbfdf8f-67ad-3f0c-ac9b-44dd14ada899.png,Peach,Bacterial_spot,16,train
/app/imagenes/0fffffae-f407-3888-8785-794e6e3fef45.png,Peach,Bacterial_spot,16,train
/app/imagenes/2a0e0741-fe3f-307d-a19a-7122767da196.png,Peach,Bacterial_spot,16,train
/app/imagenes/bffaaf1c-009e-3c8e-915b-c32f761eb67c.png,Peach,Bacterial_spot,16,train
/app/imagenes/61a6aed3-a072-3d36-b496-aac4ed1a6238.png,Peach,Bacterial_spot,16,train
/app/imagenes/b1b7af4d-d6e2-3a33-abf8-edbc3dd3c0db.png,Peach,Bacterial_spot,16,train
/app/imagenes/ed4c488f-90a6-39dc-8c62-6627cb16097a.png,Peach,Bacterial_spot,16,train
/app/imagenes/62e55fd4-95cd-389f-8e1c-bdd69f75984c.png,Peach,Bacterial_spot,16,train
/app/imagenes/2f1ed9e0-5c35-3a9f-93aa-b9e0253e9e90.png,Peach,Bacterial_spot,16,train
/app/imagenes/5982d263-a4ec-30f3-a1f1-de7366353877.png,Peach,Bacterial_spot,16,train
/app/imagenes/d37744a4-ef3c-3713-9363-54a66160df29.png,Peach,Bacterial_spot,16,train
/app/imagenes/e4d8df67-b775-3688-9704-192566d03f56.png,Peach,Bacterial_spot,16,train
/app/imagenes/9922a7e9-5d8f-36ec-a8a3-82fbdddbaf16.png,Peach,Bacterial_spot,16,train
/app/imagenes/e823e872-7093-3bfb-84f7-c75ba30113c4.png,Peach,Bacterial_spot,16,train
/app/imagenes/93506f75-a409-3825-90ef-2d11adc835b1.png,Peach,Bacterial_spot,16,train
/app/imagenes/4502e5c3-037c-3f63-b215-fd20f78e048b.png,Peach,Bacterial_spot,16,train
/app/imagenes/4df4b5b7-e656-3f3b-942f-b21f02c228e3.png,Peach,Bacterial_spot,16,train
/app/imagenes/a3ac343d-a764-3adb-bab5-a5d2e87fef50.png,Peach,Bacterial_spot,16,train
/app/imagenes/b8355b19-25cd-3d7f-afc9-01bea6caf760.png,Peach,Bacterial_spot,16,train
/app/imagenes/f9c41c0d-4a6a-34df-9eed-80ed3a862606.png,Peach,Bacterial_spot,16,train
/app/imagenes/520662c0-368b-3eb2-b602-41f562a7e4a3.png,Peach,Bacterial_spot,16,train
/app/imagenes/0a2fec71-e1f1-3eef-a3cd-3b1701ab683d.png,Peach,Bacterial_spot,16,train
/app/imagenes/f8a34f7b-031f-3468-a7fd-30d9940f0183.png,Peach,Bacterial_spot,16,train
/app/imagenes/364a359e-1992-3836-9af6-dcfe75283d71.png,Peach,Bacterial_spot,16,train
/app/imagenes/5eeab3bb-c835-316f-a7cc-38f9c1fd1861.png,Peach,Bacterial_spot,16,train
/app/imagenes/bc44b355-adf1-3f82-886d-e9ed22205557.png,Peach,Bacterial_spot,16,train
/app/imagenes/bd55be4f-19a2-319a-87da-411f80c5fd1c.png,Peach,Bacterial_spot,16,train
/app/imagenes/81be2d9b-ea93-303c-8f9a-7b8a06c87cfd.png,Peach,Bacterial_spot,16,train
/app/imagenes/2248bce7-1140-30e2-aab8-577b1072acee.png,Peach,Bacterial_spot,16,train
/app/imagenes/732d3a1d-8bb3-35bb-af74-f1b2150b22ae.png,Peach,Bacterial_spot,16,train
/app/imagenes/0e3748f6-1d57-3393-9fe8-acd681807711.png,Peach,Bacterial_spot,16,train
/app/imagenes/580b3b78-4e3a-3558-8f9d-3538d9b0dbb8.png,Peach,Bacterial_spot,16,train
/app/imagenes/3e37d5ea-bfbc-3dc8-a10e-bdb40af40935.png,Peach,Bacterial_spot,16,train
/app/imagenes/e2b91417-c2c7-356e-b0a2-70c4ce475600.png,Peach,Bacterial_spot,16,train
/app/imagenes/4fa84c82-8b75-3917-8ea0-104de728ebb3.png,Peach,Bacterial_spot,16,train
/app/imagenes/0284333f-51c0-3ee9-b6c5-c8d3c620917c.png,Peach,Bacterial_spot,16,train
/app/imagenes/291b2122-900f-32cc-bf1d-e7fb558daa1d.png,Peach,Bacterial_spot,16,train
/app/imagenes/2df4943c-0ffe-3184-acf8-c6c410420aab.png,Peach,Bacterial_spot,16,train
/app/imagenes/2612f994-cdfd-32a3-9624-3d5e7a168308.png,Peach,Bacterial_spot,16,train
/app/imagenes/6c839daf-7324-3a6b-b027-0f8818237756.png,Peach,Bacterial_spot,16,train
/app/imagenes/26e84fe5-6f58-3e1a-8d48-d76dbc3a22eb.png,Peach,Bacterial_spot,16,train
/app/imagenes/90410379-1add-3b95-9dc0-81ba8068c77a.png,Peach,Bacterial_spot,16,train
/app/imagenes/481dd72d-13dd-3f73-a58c-04fcd00d4076.png,Peach,Bacterial_spot,16,train
/app/imagenes/b16aa5ab-d3b2-3ca9-8feb-0969745691c8.png,Peach,Bacterial_spot,16,train
/app/imagenes/4e4430a5-56d8-3589-b6df-5c09c01e8564.png,Peach,Bacterial_spot,16,train
/app/imagenes/e75c97f0-5a5f-3494-9695-ce346a2010c1.png,Peach,Bacterial_spot,16,train
/app/imagenes/835774fb-b74d-3069-b2db-1ea29cf7f147.png,Peach,Bacterial_spot,16,train
/app/imagenes/c7bcd6e4-5ab8-3666-b1d4-7e10a002d0c2.png,Peach,Bacterial_spot,16,train
/app/imagenes/c723a743-fef5-340d-899c-9a80f5eecf6d.png,Peach,Bacterial_spot,16,train
/app/imagenes/21af96a7-695f-3d36-8200-17bbab5b4a4d.png,Peach,healthy,17,train
/app/imagenes/ad3063dd-8765-3cb5-a92a-a889e2609313.png,Peach,healthy,17,train
/app/imagenes/c2be01e4-a2e8-3e35-bfc3-07cdefb9df81.png,Peach,healthy,17,train
/app/imagenes/efe653fa-0e5c-35ab-a379-11ce9dceb9ff.png,Peach,healthy,17,train
/app/imagenes/22f2e8d2-b1bf-365a-8760-30150177b3b4.png,Peach,healthy,17,train
/app/imagenes/27d22953-0c42-3075-a1b6-52972513ecd3.png,Peach,healthy,17,train
/app/imagenes/28565c30-f497-3f9a-9009-07de2140c1c3.png,Peach,healthy,17,train
/app/imagenes/9502aa72-4881-37b3-90be-5a0e0a7cea18.png,Peach,healthy,17,train
/app/imagenes/49b076d3-dad3-3631-9c2e-03c49a01a753.png,Peach,healthy,17,train
/app/imagenes/7e2e6bfc-1d24-37ca-93c1-1cc6ae358c97.png,Peach,healthy,17,train
/app/imagenes/a83212e9-cfe3-3d60-b9ab-315656e06b87.png,Peach,healthy,17,train
/app/imagenes/24125052-a36d-30da-bdb8-2897580db512.png,Peach,healthy,17,train
/app/imagenes/185a3317-d01e-3676-bef8-89d740e04d39.png,Peach,healthy,17,train
/app/imagenes/3efbb7ab-fceb-3924-878a-40b4e8837535.png,Peach,healthy,17,train
/app/imagenes/204d34b7-36c0-3d75-87cd-bdfb1898ad4c.png,Peach,healthy,17,train
/app/imagenes/8babba43-46eb-3749-815c-efcb7ede916d.png,Peach,healthy,17,train
/app/imagenes/062284b8-4e64-3532-8042-2d292053673b.png,Peach,healthy,17,train
/app/imagenes/da6b33da-0a61-3b29-b175-5fcf7607965b.png,Peach,healthy,17,train
/app/imagenes/33ba16ce-0aa5-368a-8a11-9465e0e3de97.png,Peach,healthy,17,train
/app/imagenes/77daab3e-7b60-31a6-b844-2deb4d276b43.png,Peach,healthy,17,train
/app/imagenes/773fe074-dcf0-31bb-8f21-4499335c86fa.png,Peach,healthy,17,train
/app/imagenes/027cf1e6-2c22-39cf-930c-88885b377c0a.png,Peach,healthy,17,train
/app/imagenes/0a82c688-52e3-3c41-9443-2d4f942bb155.png,Peach,healthy,17,train
/app/imagenes/cac957d0-5040-3829-8b9c-806c88486731.png,Peach,healthy,17,train
/app/imagenes/095d06bb-d94e-3470-ae5f-0b4f4a454a0b.png,Peach,healthy,17,train
/app/imagenes/1eb6a238-c3bf-337d-8fd3-aff1055e8c17.png,Peach,healthy,17,train
/app/imagenes/e980eb9b-5c92-3563-bd75-14d7b49ae3a8.png,Peach,healthy,17,train
/app/imagenes/13e0832f-539f-3bfb-8684-bc71278b24be.png,Peach,healthy,17,train
/app/imagenes/6e16e4dc-a77d-33c3-904b-21312fd31d26.png,Peach,healthy,17,train
/app/imagenes/ccf0a9c1-9a48-31a7-9212-8c41efa1103d.png,Peach,healthy,17,train
/app/imagenes/d967f82e-4c01-312c-be51-0b39eac91889.png,Peach,healthy,17,train
/app/imagenes/8e5527e0-3491-368d-b925-f4c6c312082e.png,Peach,healthy,17,train
/app/imagenes/033bcba7-bfa5-3207-ba1c-c65cecfd79bc.png,Peach,healthy,17,train
/app/imagenes/a382cb00-7ac3-3a74-aed7-83b3effcd300.png,Peach,healthy,17,train
/app/imagenes/2955e82a-b220-3555-8c11-00e33f73def1.png,Peach,healthy,17,train
/app/imagenes/eee70a08-2536-38cb-b0c4-39c1f52dd150.png,Peach,healthy,17,train
/app/imagenes/410a994b-4e9e-3a0d-88fa-416d08bbf72c.png,Peach,healthy,17,train
/app/imagenes/a261d4c5-861d-35f5-a698-6b7550c2f44d.png,Peach,healthy,17,train
/app/imagenes/af748482-c6b5-30bb-992a-c1735918845e.png,Peach,healthy,17,train
/app/imagenes/8adc3317-c4ff-3dd8-8ad7-0beeba3ed7dc.png,Peach,healthy,17,train
/app/imagenes/15d42385-69eb-34b7-8afb-1b846b0d3dd8.png,Peach,healthy,17,train
/app/imagenes/c1e70b6c-40e2-3ea2-a9ab-9aca8aee71c0.png,Peach,healthy,17,train
/app/imagenes/5af1d32b-66bd-316c-935a-2f075731f609.png,Peach,healthy,17,train
/app/imagenes/d3fc2b89-5a39-3c12-8ff6-7cc1bc3d073f.png,Peach,healthy,17,train
/app/imagenes/d1a3525b-f225-3460-93f6-5095f3736c4e.png,Peach,healthy,17,train
/app/imagenes/09be5f72-b576-3fb0-b38b-ee5355c6a667.png,Peach,healthy,17,train
/app/imagenes/15fe2061-18eb-3629-b61a-ec9554bfce03.png,Peach,healthy,17,train
/app/imagenes/09a7170c-52dd-3982-bbcf-5089ac2c804c.png,Peach,healthy,17,train
/app/imagenes/8cd3aa2d-e227-35b0-a130-d18538c03334.png,Peach,healthy,17,train
/app/imagenes/a15adb4a-639c-36f8-9a9c-31ac9c4a6c15.png,Peach,healthy,17,train
/app/imagenes/bd718074-6f02-3d90-9f97-6f2698a1e2a5.png,Peach,healthy,17,train
/app/imagenes/9d8d95e0-fd96-3b79-b4d6-ad9f0595d252.png,Peach,healthy,17,train
/app/imagenes/4d656a5f-792e-3dcb-88d4-d9de2795f354.png,Peach,healthy,17,train
/app/imagenes/629e6ffe-d98c-3f77-9014-096b9f2e47fc.png,Peach,healthy,17,train
/app/imagenes/692144a4-feae-3bfa-a18c-7cf5a5205e43.png,Peach,healthy,17,train
/app/imagenes/d11fe847-085a-3fd7-90df-291a33aa94e2.png,Peach,healthy,17,train
/app/imagenes/2fc79fb1-c301-3231-af69-42a0d481623d.png,Peach,healthy,17,train
/app/imagenes/bdadce0a-b016-3982-8296-8899db8119d5.png,Peach,healthy,17,train
/app/imagenes/3fdff977-5020-32b6-bfff-aa6859cab4e2.png,Peach,healthy,17,train
/app/imagenes/15293dc8-de60-3e6a-9405-e88acbf25219.png,Peach,healthy,17,train
/app/imagenes/3b1bfbb8-f163-3b5c-a454-2b247b187515.png,Peach,healthy,17,train
/app/imagenes/6bb1b7c7-0d83-3a27-94b7-8b2b93c4cabf.png,Peach,healthy,17,train
/app/imagenes/8c844e4a-a53e-35e4-8218-400ddf09d769.png,Peach,healthy,17,train
/app/imagenes/a56ecdf6-a383-3d7e-ad69-d48359baa478.png,Peach,healthy,17,train
/app/imagenes/2c3db118-d6c6-3bb5-845b-9af6ecb99905.png,Peach,healthy,17,train
/app/imagenes/fbc5291e-e980-3f16-9952-9713d6955d98.png,Peach,healthy,17,train
/app/imagenes/ca850a00-4b6f-3be5-9cbe-616c4c7e6315.png,Peach,healthy,17,train
/app/imagenes/be9ee195-9e17-3397-a936-83b80c185d43.png,Peach,healthy,17,train
/app/imagenes/fa0dff97-8cca-3834-8bb9-f07341a23a60.png,Peach,healthy,17,train
/app/imagenes/39f514d2-f785-3ee7-bd18-a845675805f2.png,Peach,healthy,17,train
/app/imagenes/566d9a9b-f62b-319d-adc7-d45687987ecf.png,Pepper_bell,Bacterial_spot,18,train
/app/imagenes/7e5e30e9-f175-3b73-8f62-446690e0f425.png,Pepper_bell,Bacterial_spot,18,train
/app/imagenes/a10c472e-863c-3de5-8609-c0b7818e0a38.png,Pepper_bell,Bacterial_spot,18,train
/app/imagenes/8bd9517c-63d9-358a-81c7-dd179d042080.png,Pepper_bell,Bacterial_spot,18,train
/app/imagenes/121e6396-6ef4-3775-9049-aead24d73a0a.png,Pepper_bell,Bacterial_spot,18,train
/app/imagenes/a920c24b-1148-3b26-9a4c-199a3179152c.png,Pepper_bell,Bacterial_spot,18,train
/app/imagenes/2650029e-cf84-3e41-b474-2ea9d090458c.png,Pepper_bell,Bacterial_spot,18,train
/app/imagenes/8162bf54-e1b9-3303-840e-6410fb8b2c9e.png,Pepper_bell,Bacterial_spot,18,train
/app/imagenes/c993b7de-bf3f-3965-93a4-ba52703f6e81.png,Pepper_bell,Bacterial_spot,18,train
/app/imagenes/406d067c-460a-3308-9403-ae18537627cd.png,Pepper_bell,Bacterial_spot,18,train
/app/imagenes/4701c358-6494-32a7-b9c4-9bfd126b1642.png,Pepper_bell,Bacterial_spot,18,train
/app/imagenes/b33923b4-4108-31ba-9bc8-0e9ab098f556.png,Pepper_bell,Bacterial_spot,18,train
/app/imagenes/65d861b4-71e9-3362-9d1a-33bffbc3fc42.png,Pepper_bell,Bacterial_spot,18,train
/app/imagenes/7b6f90dc-c2d5-314c-9539-fcf2e902dd59.png,Pepper_bell,Bacterial_spot,18,train
/app/imagenes/bac25981-f0ff-3427-a9d9-9d6ae5750423.png,Pepper_bell,Bacterial_spot,18,train
/app/imagenes/0a93350b-df42-3d81-92d3-358d258045aa.png,Pepper_bell,Bacterial_spot,18,train
/app/imagenes/74d5e1c6-d6d6-3bfe-b245-043fc622c7aa.png,Pepper_bell,Bacterial_spot,18,train
/app/imagenes/b069c398-a25f-32a0-a39a-405e7e95ed13.png,Pepper_bell,Bacterial_spot,18,train
/app/imagenes/084149ed-3311-3bbe-86ba-2d839dc38595.png,Pepper_bell,Bacterial_spot,18,train
/app/imagenes/25a6ad17-331f-3ff8-a6a6-9c1b647599f3.png,Pepper_bell,Bacterial_spot,18,train
/app/imagenes/5f3c3520-25f6-3878-856e-e2a7da7b1f94.png,Pepper_bell,Bacterial_spot,18,train
/app/imagenes/834b0554-f072-3473-bc1d-d06431a2e5ed.png,Pepper_bell,Bacterial_spot,18,train
/app/imagenes/62f5ff61-aef5-31f9-b823-6e3908aa0373.png,Pepper_bell,Bacterial_spot,18,train
/app/imagenes/f0e6a61c-be21-33e3-9184-889d0a45132e.png,Pepper_bell,Bacterial_spot,18,train
/app/imagenes/dabfedfd-666a-3fc9-ab6c-8a26c133e065.png,Pepper_bell,Bacterial_spot,18,train
/app/imagenes/6139bec1-95bc-3ac4-b3ac-0cf4305ccfca.png,Pepper_bell,Bacterial_spot,18,train
/app/imagenes/a267c7b5-3876-3672-b8bd-cbab3a637ad4.png,Pepper_bell,Bacterial_spot,18,train
/app/imagenes/d2f52119-6998-3c0f-be07-d1b595f8af9d.png,Pepper_bell,Bacterial_spot,18,train
/app/imagenes/5ae10bda-5b3a-365e-862e-54839ae82d70.png,Pepper_bell,Bacterial_spot,18,train
/app/imagenes/deedf86d-9072-327d-bf0d-25e135c09465.png,Pepper_bell,Bacterial_spot,18,train
/app/imagenes/cfb8a5ff-bfcd-3c59-8ce2-202d1b843c5f.png,Pepper_bell,Bacterial_spot,18,train
/app/imagenes/b7c6f95f-bedc-3890-b44e-f0bf14d1da0e.png,Pepper_bell,Bacterial_spot,18,train
/app/imagenes/4e49f156-29cb-3e42-b15a-19aa2724f083.png,Pepper_bell,Bacterial_spot,18,train
/app/imagenes/9d39b1f9-2f97-351d-ab51-5bec572bdafb.png,Pepper_bell,Bacterial_spot,18,train
/app/imagenes/4393bd95-e52f-309f-b7cd-9639fbff4ced.png,Pepper_bell,Bacterial_spot,18,train
/app/imagenes/c7efc520-a6dd-3db5-976b-8e83e506dac9.png,Pepper_bell,Bacterial_spot,18,train
/app/imagenes/8719cc8c-a0bc-37fb-b371-1b708e2ba578.png,Pepper_bell,Bacterial_spot,18,train
/app/imagenes/27030d94-17ba-3e2e-8fbc-ab61de9d2899.png,Pepper_bell,Bacterial_spot,18,train
/app/imagenes/556a6716-d574-38aa-9051-c4459d01ab84.png,Pepper_bell,Bacterial_spot,18,train
/app/imagenes/34683a8d-b497-32cf-a8cb-39b3c3723405.png,Pepper_bell,Bacterial_spot,18,train
/app/imagenes/5eda0e36-d812-3cd7-ba15-7aa7f90ec9d8.png,Pepper_bell,Bacterial_spot,18,train
/app/imagenes/48824ebe-645f-33f4-9a31-5d550b6d7a23.png,Pepper_bell,Bacterial_spot,18,train
/app/imagenes/d1369bcb-7b96-3d0e-a620-56f45d44a55a.png,Pepper_bell,Bacterial_spot,18,train
/app/imagenes/659d7442-e29d-315b-82ed-d047f9c81580.png,Pepper_bell,Bacterial_spot,18,train
/app/imagenes/f26902df-c782-330d-a0eb-563b93eb8506.png,Pepper_bell,Bacterial_spot,18,train
/app/imagenes/8b88e123-ef4d-3148-9772-46f770bd7f06.png,Pepper_bell,Bacterial_spot,18,train
/app/imagenes/7fb0ab2a-274a-3774-9dc0-ff63c57b2e9a.png,Pepper_bell,Bacterial_spot,18,train
/app/imagenes/38fdd41a-ebb2-3d64-b69c-982066251413.png,Pepper_bell,Bacterial_spot,18,train
/app/imagenes/5495e256-07f3-31f2-b976-cabd5668f8c3.png,Pepper_bell,Bacterial_spot,18,train
/app/imagenes/3a106d26-9f18-3dbf-8a2c-98c8c14ce3d0.png,Pepper_bell,Bacterial_spot,18,train
/app/imagenes/ff7282d9-fb5f-3d31-ab99-5fae926c47e0.png,Pepper_bell,Bacterial_spot,18,train
/app/imagenes/7d53e252-ac53-31ea-83b7-bd8c5218ae0f.png,Pepper_bell,Bacterial_spot,18,train
/app/imagenes/1c9aabbc-4af8-3e86-8398-a18b08f35aa3.png,Pepper_bell,Bacterial_spot,18,train
/app/imagenes/3c6f20c2-e0c8-37ec-8f2c-3281b303470d.png,Pepper_bell,Bacterial_spot,18,train
/app/imagenes/3276154a-a8f1-36e8-84b4-e20a761fdcc4.png,Pepper_bell,Bacterial_spot,18,train
/app/imagenes/f7d26478-ffd3-3afe-b27a-2d56d0fda829.png,Pepper_bell,Bacterial_spot,18,train
/app/imagenes/996d4773-d33a-3b44-aeca-115f9c524b9a.png,Pepper_bell,Bacterial_spot,18,train
/app/imagenes/bd3715aa-0158-38c4-83ee-b0f6b37b76ea.png,Pepper_bell,Bacterial_spot,18,train
/app/imagenes/58a42ecc-32d5-33fc-a01a-4047a90f4a4a.png,Pepper_bell,Bacterial_spot,18,train
/app/imagenes/e38689c7-d142-32f6-b169-51ef10e3e421.png,Pepper_bell,Bacterial_spot,18,train
/app/imagenes/5cde0ec0-9430-3cde-9749-1513464c9232.png,Pepper_bell,Bacterial_spot,18,train
/app/imagenes/5c99c615-2159-32e6-97b7-67c6833e7705.png,Pepper_bell,Bacterial_spot,18,train
/app/imagenes/9f1d5415-ab7c-3c95-97c0-02fee0148133.png,Pepper_bell,Bacterial_spot,18,train
/app/imagenes/c336aebd-03d0-37c3-9635-9b1321468222.png,Pepper_bell,Bacterial_spot,18,train
/app/imagenes/f2716e67-bb16-3f79-804a-2abe1deeaf20.png,Pepper_bell,Bacterial_spot,18,train
/app/imagenes/e161dcc9-a168-3f77-a11b-6557de13d4d8.png,Pepper_bell,Bacterial_spot,18,train
/app/imagenes/eb4b34d5-db64-3e6a-b14f-051c47c82591.png,Pepper_bell,Bacterial_spot,18,train
/app/imagenes/3c694546-f462-32c1-8ea4-1771351d9656.png,Pepper_bell,Bacterial_spot,18,train
/app/imagenes/c68a3840-8e58-3720-b109-b4f0ea6a4a8e.png,Pepper_bell,Bacterial_spot,18,train
/app/imagenes/c7b5482e-f449-33ed-bf14-e0a7779441e4.png,Pepper_bell,Bacterial_spot,18,train
/app/imagenes/4de8fb59-455c-3857-aac4-87bc0abc1201.png,Pepper_bell,healthy,19,train
/app/imagenes/12f18d62-ba5c-3d75-a1cf-100f89372c27.png,Pepper_bell,healthy,19,train
/app/imagenes/80a2d602-f1a6-3fd1-9ae5-cde71ca2af29.png,Pepper_bell,healthy,19,train
/app/imagenes/a4f52461-27b2-398d-a469-94d5e4eb6222.png,Pepper_bell,healthy,19,train
/app/imagenes/44b4d222-c295-3278-a52b-471f2e3db907.png,Pepper_bell,healthy,19,train
/app/imagenes/c0de8279-bfc8-3121-9909-6a0b2391c8ad.png,Pepper_bell,healthy,19,train
/app/imagenes/5fd5ce71-9e82-3e1a-b6e4-65aea2cc4fc1.png,Pepper_bell,healthy,19,train
/app/imagenes/c0df524e-12fe-3fff-b7d7-0e34aff716c2.png,Pepper_bell,healthy,19,train
/app/imagenes/06e6b6d1-0f85-33c5-aa71-a107edd5573a.png,Pepper_bell,healthy,19,train
/app/imagenes/cfa66b5b-3149-3c88-b01c-8a84c023479a.png,Pepper_bell,healthy,19,train
/app/imagenes/467fd8ce-33b1-3115-8e5d-a393f61ccb0c.png,Pepper_bell,healthy,19,train
/app/imagenes/fabd9a9f-a4a3-3c2c-9619-cb04ff0888a1.png,Pepper_bell,healthy,19,train
/app/imagenes/0c447649-d344-3cb6-89b2-be6c7cc7df58.png,Pepper_bell,healthy,19,train
/app/imagenes/eab5c020-8e2b-3f13-8fdc-1c588b928675.png,Pepper_bell,healthy,19,train
/app/imagenes/21c87d3e-f879-32ce-b653-7da607cb9f3e.png,Pepper_bell,healthy,19,train
/app/imagenes/e1b0bcd7-30c3-363c-acd2-1a22d3b40a44.png,Pepper_bell,healthy,19,train
/app/imagenes/b1e26dac-87ac-3cd8-ad06-c84f0f12e5ed.png,Pepper_bell,healthy,19,train
/app/imagenes/630f452c-b526-3f3a-b41e-e02f8c236755.png,Pepper_bell,healthy,19,train
/app/imagenes/f3f18329-bda0-35ea-b0ad-fa965f4f4589.png,Pepper_bell,healthy,19,train
/app/imagenes/c745de92-9a9f-34ae-abef-e53c4ff31ec7.png,Pepper_bell,healthy,19,train
/app/imagenes/e989247a-594a-3ae7-b344-8c79bed93d1e.png,Pepper_bell,healthy,19,train
/app/imagenes/050b9a2d-965c-3197-b90c-f6c7ebbc772a.png,Pepper_bell,healthy,19,train
/app/imagenes/27b2f81c-80df-36dc-8ad0-46361d7827e8.png,Pepper_bell,healthy,19,train
/app/imagenes/ee034ba7-cea8-3321-91f7-1e6076e15d10.png,Pepper_bell,healthy,19,train
/app/imagenes/5aadedc3-f133-356d-baf6-38bbaf51c97c.png,Pepper_bell,healthy,19,train
/app/imagenes/428235d5-5724-3f74-b7ed-46d35baac626.png,Pepper_bell,healthy,19,train
/app/imagenes/a69dbc54-d4e7-3002-ac60-afdf2e844252.png,Pepper_bell,healthy,19,train
/app/imagenes/799bf05d-4c3d-3f0b-8bc1-5afddeae86d5.png,Pepper_bell,healthy,19,train
/app/imagenes/c4be3867-8b11-3e9c-b19d-3cc9947986a6.png,Pepper_bell,healthy,19,train
/app/imagenes/e4ed7b2f-e27c-3831-98bc-542dd00d4f42.png,Pepper_bell,healthy,19,train
/app/imagenes/eaec65f4-3fc8-3929-b000-df98a912c15d.png,Pepper_bell,healthy,19,train
/app/imagenes/472098b6-3179-3749-8551-7877c685cc2c.png,Pepper_bell,healthy,19,train
/app/imagenes/1eb84e4e-d4cb-340b-b138-7fa17ea6019a.png,Pepper_bell,healthy,19,train
/app/imagenes/39579484-8733-3b11-b7aa-24c8ad6415a8.png,Pepper_bell,healthy,19,train
/app/imagenes/4b7579b8-9885-3d8e-be44-64182925b2e8.png,Pepper_bell,healthy,19,train
/app/imagenes/b7c388be-d91f-3479-8e8e-e6c6a9ab0926.png,Pepper_bell,healthy,19,train
/app/imagenes/6380ad0a-eb77-36f5-a78c-5d744d1cf2d1.png,Pepper_bell,healthy,19,train
/app/imagenes/2984bb8b-5b52-34a0-99a1-accadfc7e02e.png,Pepper_bell,healthy,19,train
/app/imagenes/20e593cf-fca7-368d-a67e-44b12c74978d.png,Pepper_bell,healthy,19,train
/app/imagenes/d75ce071-f13a-3308-aa5e-4cb2a3a2f9e9.png,Pepper_bell,healthy,19,train
/app/imagenes/3ad017c5-d195-334b-946e-e47bd04dd89f.png,Pepper_bell,healthy,19,train
/app/imagenes/05764c38-aa15-3753-b5b2-308dc29bc4c7.png,Pepper_bell,healthy,19,train
/app/imagenes/af05b9cb-7a03-359c-99cd-760e2894110d.png,Pepper_bell,healthy,19,train
/app/imagenes/8e81cdf1-9f71-3c04-8df8-e56783015727.png,Pepper_bell,healthy,19,train
/app/imagenes/f4b207aa-c3c6-3151-a08b-e75c648ad792.png,Pepper_bell,healthy,19,train
/app/imagenes/ca50bc30-61bf-308c-8c14-1cda52eb694b.png,Pepper_bell,healthy,19,train
/app/imagenes/a047b039-8d19-3ce5-8243-13c2d70468cf.png,Pepper_bell,healthy,19,train
/app/imagenes/bd58a95b-93c8-359d-8927-429128ecdfe6.png,Pepper_bell,healthy,19,train
/app/imagenes/213f3cf4-c42f-39fe-9a4f-a472362301d6.png,Pepper_bell,healthy,19,train
/app/imagenes/6860bcc5-69f6-33d3-989d-3d954e71f5a4.png,Pepper_bell,healthy,19,train
/app/imagenes/8dcea6a2-a255-35e7-b729-dffeb72a0a20.png,Pepper_bell,healthy,19,train
/app/imagenes/80942f62-7ded-37ca-8e44-7c7cebdabf56.png,Pepper_bell,healthy,19,train
/app/imagenes/67d58d28-50bf-3d81-bb99-30e771395a1c.png,Pepper_bell,healthy,19,train
/app/imagenes/4f51b5a6-ad42-3598-9117-ba8533413d0e.png,Pepper_bell,healthy,19,train
/app/imagenes/a8021e8c-b20a-32e6-b799-e6cefd6794c0.png,Pepper_bell,healthy,19,train
/app/imagenes/a9e6f07e-fea5-3b42-abf9-8dc37b502d93.png,Pepper_bell,healthy,19,train
/app/imagenes/f09e4f7c-3a48-39db-84ed-eb7a37f29915.png,Pepper_bell,healthy,19,train
/app/imagenes/c3a1a459-207a-3e22-bd6a-2b762d1a0cca.png,Pepper_bell,healthy,19,train
/app/imagenes/fc78e215-fee4-3986-8a7f-7cfaa881b436.png,Pepper_bell,healthy,19,train
/app/imagenes/d6d9c1d0-4456-3450-a8e1-2cb630088e49.png,Pepper_bell,healthy,19,train
/app/imagenes/665802c1-1810-38ca-82e5-30c4dc8fbfc2.png,Pepper_bell,healthy,19,train
/app/imagenes/a15ddc5a-55df-3b3e-9543-8a553ee3f30e.png,Pepper_bell,healthy,19,train
/app/imagenes/5af0a41d-d9db-3ca8-8112-46afa305058c.png,Pepper_bell,healthy,19,train
/app/imagenes/29e81810-e058-38d1-a643-4708825e667c.png,Pepper_bell,healthy,19,train
/app/imagenes/c35c7ab8-988d-3c3f-8cb9-f4652a96e459.png,Pepper_bell,healthy,19,train
/app/imagenes/c69d0ead-b7bf-3a0e-8fdc-c70aec8a5b69.png,Pepper_bell,healthy,19,train
/app/imagenes/ac15fe3a-3da8-336e-971e-f074197f4494.png,Pepper_bell,healthy,19,train
/app/imagenes/fd18f026-8eea-3847-981d-e9b230540226.png,Pepper_bell,healthy,19,train
/app/imagenes/81396d2f-63d2-35e6-84b4-6d92d108dc9b.png,Pepper_bell,healthy,19,train
/app/imagenes/c13004a1-8044-3417-a8a0-232b6296c54d.png,Pepper_bell,healthy,19,train
/app/imagenes/5519546c-b451-35d1-9af5-2b49c051d1d4.png,Potato,Early_blight,20,train
/app/imagenes/c01cb9fe-fb67-373c-a158-8c12337f2417.png,Potato,Early_blight,20,train
/app/imagenes/304e663b-9923-3c66-b561-e3280a810a37.png,Potato,Early_blight,20,train
/app/imagenes/1a96b73c-c4da-3afb-9f77-53fa6ce28686.png,Potato,Early_blight,20,train
/app/imagenes/98774d50-ec81-3d11-97a7-e254364f4c2c.png,Potato,Early_blight,20,train
/app/imagenes/20577a46-532f-3283-8adf-cc5add62839e.png,Potato,Early_blight,20,train
/app/imagenes/fa4d9880-e650-376b-9bda-5d12fbdbce3f.png,Potato,Early_blight,20,train
/app/imagenes/4da8ca6b-014a-36d9-809e-07e2a98b8751.png,Potato,Early_blight,20,train
/app/imagenes/23030287-f5f8-3e80-814e-a00758818a62.png,Potato,Early_blight,20,train
/app/imagenes/b39b69f2-d552-39fb-904e-0c2f2ef766b6.png,Potato,Early_blight,20,train
/app/imagenes/00b37e28-128c-3c4c-a3c5-f07c3bb2c891.png,Potato,Early_blight,20,train
/app/imagenes/082a7e39-e1ae-3698-af9c-2ee4b091fe0e.png,Potato,Early_blight,20,train
/app/imagenes/b7f0b07d-de8a-319c-874e-ad329899df8c.png,Potato,Early_blight,20,train
/app/imagenes/8e9a08ab-973b-3952-9617-b0ce8e0e28f7.png,Potato,Early_blight,20,train
/app/imagenes/b513ef7b-fee8-35ce-a0f1-06854829f78f.png,Potato,Early_blight,20,train
/app/imagenes/598f6745-649b-34c2-81dc-e6e6336e649b.png,Potato,Early_blight,20,train
/app/imagenes/89dd4c75-af4a-3b02-91af-698e5025c7af.png,Potato,Early_blight,20,train
/app/imagenes/15897d7f-8c63-32c5-93b2-1d61883f115a.png,Potato,Early_blight,20,train
/app/imagenes/277ca7dc-0911-3225-acee-5fa0dcaa2a0c.png,Potato,Early_blight,20,train
/app/imagenes/31101614-3dbd-3b4c-a14a-dd30f0d60d0a.png,Potato,Early_blight,20,train
/app/imagenes/75ff491d-7396-3a3b-a2a6-044e6557b1b3.png,Potato,Early_blight,20,train
/app/imagenes/17ef0929-28d5-3331-b1ea-d41da50a2a97.png,Potato,Early_blight,20,train
/app/imagenes/69c26e6c-4e50-32c6-ab4c-773d7fc64cb2.png,Potato,Early_blight,20,train
/app/imagenes/467a2595-4afe-38b6-baa6-46d9a0ebb25e.png,Potato,Early_blight,20,train
/app/imagenes/4a519555-f889-3be6-8607-8998efbdb421.png,Potato,Early_blight,20,train
/app/imagenes/104fc796-469f-3ca8-94df-7f4d439e2357.png,Potato,Early_blight,20,train
/app/imagenes/954061ed-1641-3d4f-bf61-e8842ececaaf.png,Potato,Early_blight,20,train
/app/imagenes/9be41d77-cb38-30ff-b781-d20d462b7b69.png,Potato,Early_blight,20,train
/app/imagenes/09086f6f-597b-34d0-9f8e-54b920e047a0.png,Potato,Early_blight,20,train
/app/imagenes/336dd776-8140-3435-9b10-ae9734703d52.png,Potato,Early_blight,20,train
/app/imagenes/336071f9-31fb-3c83-b824-77aa639bbea2.png,Potato,Early_blight,20,train
/app/imagenes/8ca6945a-b2f7-3f5e-a304-843bcc53803b.png,Potato,Early_blight,20,train
/app/imagenes/5db19286-909c-3597-a628-55a91923fcc9.png,Potato,Early_blight,20,train
/app/imagenes/0a70646e-5f71-38aa-8178-566619c8086d.png,Potato,Early_blight,20,train
/app/imagenes/8fd47214-15ed-3fb3-87a4-71d668269f42.png,Potato,Early_blight,20,train
/app/imagenes/93551fe5-302c-3990-b7dd-01d710153149.png,Potato,Early_blight,20,train
/app/imagenes/406c72dd-b9bb-358d-adee-b0f5773bbfa1.png,Potato,Early_blight,20,train
/app/imagenes/0f6f23dd-d410-38a2-bf6f-fb86f59c750f.png,Potato,Early_blight,20,train
/app/imagenes/c2f42884-3e09-3244-bc97-5fdfbee6d567.png,Potato,Early_blight,20,train
/app/imagenes/352f2f4f-08ef-3395-a623-7256e51f6c41.png,Potato,Early_blight,20,train
/app/imagenes/d5c3482b-63c4-324f-9e4a-ca82d56424e1.png,Potato,Early_blight,20,train
/app/imagenes/71afcd3d-20a4-3402-8b31-13ca258a1755.png,Potato,Early_blight,20,train
/app/imagenes/20229f54-ccf8-3a79-98db-bd651f5e3e02.png,Potato,Early_blight,20,train
/app/imagenes/285fcfa3-166b-3b96-bada-1db0c14b6a9b.png,Potato,Early_blight,20,train
/app/imagenes/fcb03c03-3bc0-3724-9a18-a35293f3e2ec.png,Potato,Early_blight,20,train
/app/imagenes/a192ab44-48c9-337c-aa4b-32d15255c2aa.png,Potato,Early_blight,20,train
/app/imagenes/6de4eb2d-0ca4-3cc2-b404-f2f21f7b189b.png,Potato,Early_blight,20,train
/app/imagenes/32173641-31d6-3fde-b4a8-e3d74cf6fff7.png,Potato,Early_blight,20,train
/app/imagenes/a65f867d-884d-3695-baa4-c0b637156f26.png,Potato,Early_blight,20,train
/app/imagenes/fe96b3d5-e4b6-3888-9b21-669401a30739.png,Potato,Early_blight,20,train
/app/imagenes/d6d10ff1-e223-3e9c-8407-9bbc6414c614.png,Potato,Early_blight,20,train
/app/imagenes/8f549ffd-d546-33a9-8688-f8fbc3f56b27.png,Potato,Early_blight,20,train
/app/imagenes/029e0cc6-5d58-3e5e-b2d2-3e6a05fb6359.png,Potato,Early_blight,20,train
/app/imagenes/fb8508af-8cc4-3e7e-9f0b-e825ac662893.png,Potato,Early_blight,20,train
/app/imagenes/9d025c4c-d3fd-3c25-b338-20402fa907bf.png,Potato,Early_blight,20,train
/app/imagenes/92561e09-760a-3593-80c1-5f1061892332.png,Potato,Early_blight,20,train
/app/imagenes/925d8b14-0db7-3f3f-9269-ec4b956b31a7.png,Potato,Early_blight,20,train
/app/imagenes/51689567-4a18-3e34-96cc-f7f93fde9755.png,Potato,Early_blight,20,train
/app/imagenes/9f5d16f8-12e4-36ae-b392-52c02d0feda0.png,Potato,Early_blight,20,train
/app/imagenes/b0df1a49-4b08-3a07-8b5b-292b7808dc07.png,Potato,Early_blight,20,train
/app/imagenes/43f875cb-3488-3872-ab9a-34e1ba9ffcf7.png,Potato,Early_blight,20,train
/app/imagenes/72a49e3d-5e6d-38c4-898e-d4a8d1c683b0.png,Potato,Early_blight,20,train
/app/imagenes/73223ec3-8e74-3104-8b19-d4272fdb972d.png,Potato,Early_blight,20,train
/app/imagenes/94f5fa6b-0761-395b-b992-ea027bedef0d.png,Potato,Early_blight,20,train
/app/imagenes/e85d37f1-ab10-39e9-99c3-fc8aed0a6c49.png,Potato,Early_blight,20,train
/app/imagenes/bdefcd54-8a88-3f9d-9e1c-97380fb9bcba.png,Potato,Early_blight,20,train
/app/imagenes/75e70633-24eb-3b1e-b79c-38fd49b75b10.png,Potato,Early_blight,20,train
/app/imagenes/abc3b080-0925-3df4-8689-2e952dd0c1c0.png,Potato,Early_blight,20,train
/app/imagenes/9c5b7380-8c51-311c-8728-511cceeec070.png,Potato,Early_blight,20,train
/app/imagenes/f3e834c8-35b1-3a52-8ce4-42cda319a05a.png,Potato,Early_blight,20,train
/app/imagenes/9360912d-dcfc-3dd5-aebf-5aa48e8a52a9.png,Potato,healthy,21,train
/app/imagenes/0c6a7a70-3211-3ba4-89da-b4459e217293.png,Potato,healthy,21,train
/app/imagenes/45ef1c16-a5e2-35f4-bacc-05cd946f3f28.png,Potato,healthy,21,train
/app/imagenes/c2d0dcee-2d0e-397c-917f-70e73493cf91.png,Potato,healthy,21,train
/app/imagenes/f2df129e-bf9e-3b45-aa43-29bb6bbd104b.png,Potato,healthy,21,train
/app/imagenes/2911e60d-5fe6-3b51-82d2-67a1f27d95b9.png,Potato,healthy,21,train
/app/imagenes/a9c028d6-264c-395b-8502-893983d376a8.png,Potato,healthy,21,train
/app/imagenes/92306c5b-8e94-31bd-9d3b-a5e2e9b3397f.png,Potato,healthy,21,train
/app/imagenes/ceb37c77-0e46-3865-b1e5-301df482786e.png,Potato,healthy,21,train
/app/imagenes/9213b905-682c-3d9c-a4df-f900e8d43279.png,Potato,healthy,21,train
/app/imagenes/a1705342-b8ee-31be-89c6-1432062497a4.png,Potato,healthy,21,train
/app/imagenes/c346fd3e-454b-3eab-85cf-09ffbc5c5189.png,Potato,healthy,21,train
/app/imagenes/b6d5fe95-be1f-3444-8048-523a44545323.png,Potato,healthy,21,train
/app/imagenes/8b05281a-3075-3785-80e3-3101efb69a09.png,Potato,healthy,21,train
/app/imagenes/09abb64d-8510-3b5d-944a-a83f5f214664.png,Potato,healthy,21,train
/app/imagenes/38360dd8-c392-3ec9-8911-f87c6d83a7c4.png,Potato,healthy,21,train
/app/imagenes/f70ada39-933e-3ac7-a895-e2820ba838c6.png,Potato,healthy,21,train
/app/imagenes/70b73f1f-7777-3188-8622-88b65ff90c11.png,Potato,healthy,21,train
/app/imagenes/3f8aaada-67e2-39e4-bc51-e53fb9dbb44c.png,Potato,healthy,21,train
/app/imagenes/77e27b2e-71ea-3fa1-ac81-da4cb853e28a.png,Potato,healthy,21,train
/app/imagenes/68c6dd00-ed8a-3f57-9d63-d3134062db0c.png,Potato,healthy,21,train
/app/imagenes/12d3b89d-6239-3a9d-a57d-903bb00eba8e.png,Potato,healthy,21,train
/app/imagenes/4839e252-1a62-382b-82e4-ffbd077f2a36.png,Potato,healthy,21,train
/app/imagenes/bcdfdc3e-3313-3e0d-8d26-e143a5c684fb.png,Potato,healthy,21,train
/app/imagenes/898fad70-d481-3c2c-8a63-fab039776819.png,Potato,healthy,21,train
/app/imagenes/c90b897b-5142-3fab-853c-29ee8c7cd20c.png,Potato,healthy,21,train
/app/imagenes/9404aeac-8c3a-3c10-9f4c-20ad9b3b3021.png,Potato,healthy,21,train
/app/imagenes/f75cd688-cc6c-3072-9622-ec3539e92f3d.png,Potato,healthy,21,train
/app/imagenes/dad8117a-675a-30fa-a0c2-b7bd0f65dd79.png,Potato,healthy,21,train
/app/imagenes/e3b200a3-8b8d-36de-9323-d72907253320.png,Potato,healthy,21,train
/app/imagenes/f565ba72-66f7-3337-869e-571ee0c6b58c.png,Potato,healthy,21,train
/app/imagenes/324de410-d903-3c36-b7e9-46e308466aff.png,Potato,healthy,21,train
/app/imagenes/a50d9bc4-25a2-3bee-a21e-b7ae1edea1e5.png,Potato,healthy,21,train
/app/imagenes/858ecdad-167a-3cf0-96ae-cc1925beb077.png,Potato,healthy,21,train
/app/imagenes/7a833022-74fb-3825-94c4-03c54ccb729c.png,Potato,healthy,21,train
/app/imagenes/79d48a12-0b6a-3aab-a20d-f9cd673dc4a4.png,Potato,healthy,21,train
/app/imagenes/5c4337d6-b3e3-314c-9222-26a5ce53b609.png,Potato,healthy,21,train
/app/imagenes/1817e2a7-7d55-3011-bd54-68fa7f9be49f.png,Potato,healthy,21,train
/app/imagenes/92cfa9cc-1952-3b26-829d-60badf7b9da1.png,Potato,healthy,21,train
/app/imagenes/809abf34-74a6-3250-a424-b50167d9d995.png,Potato,healthy,21,train
/app/imagenes/7dee3577-3ec2-3d49-bc7c-de4f074b7f47.png,Potato,healthy,21,train
/app/imagenes/10313dae-a104-3aa6-8679-4b348a6c22c7.png,Potato,healthy,21,train
/app/imagenes/12db62a7-fee2-3f68-85d6-f4d62295503b.png,Potato,healthy,21,train
/app/imagenes/003e13d0-0249-3fca-8514-a7f1f09ce59e.png,Potato,healthy,21,train
/app/imagenes/73d1151c-37c2-3322-8a3d-c66e185ed3cf.png,Potato,healthy,21,train
/app/imagenes/62b8e5c8-71a1-32fd-a436-4f6d845af803.png,Potato,healthy,21,train
/app/imagenes/b5f9bb3f-9c4b-394a-bc3a-8200561d9678.png,Potato,healthy,21,train
/app/imagenes/1b89b11f-96e3-3c8a-9621-3bed9036dd52.png,Potato,healthy,21,train
/app/imagenes/b8570bed-b723-3a62-968f-7df69eaae540.png,Potato,healthy,21,train
/app/imagenes/5550161e-6511-3b37-a4ba-87b2ef2d2b60.png,Potato,healthy,21,train
/app/imagenes/2f050ce2-8b5a-3f8b-9ae6-5d5b476edac1.png,Potato,healthy,21,train
/app/imagenes/309ad655-a445-3fc3-b756-c7d30a1cb451.png,Potato,healthy,21,train
/app/imagenes/5a183e30-9944-3cc4-af9c-e1999abbd0df.png,Potato,healthy,21,train
/app/imagenes/b6ea0adb-485f-39e9-830c-18678cf11393.png,Potato,healthy,21,train
/app/imagenes/54fc4947-0ccd-3612-b632-353d3739c923.png,Potato,healthy,21,train
/app/imagenes/3c779259-031c-3283-acd1-e92f20ef84a9.png,Potato,healthy,21,train
/app/imagenes/6dc487bb-1556-3965-baa7-eec7683dd466.png,Potato,healthy,21,train
/app/imagenes/cd470fae-3e9a-3550-93e8-7e784f2fe72d.png,Potato,healthy,21,train
/app/imagenes/cfa733b1-0f78-351c-a8ae-531f2e162dfe.png,Potato,healthy,21,train
/app/imagenes/c7bbde6c-bc79-305c-9444-e828a6e752b0.png,Potato,healthy,21,train
/app/imagenes/9f140281-1370-3564-b9ae-21d7b403b135.png,Potato,healthy,21,train
/app/imagenes/3e9bd0e1-a889-38d9-9e73-0fbb2e149bbd.png,Potato,healthy,21,train
/app/imagenes/71ba163b-40c8-3697-8592-40f288429a76.png,Potato,healthy,21,train
/app/imagenes/06feeb67-156d-3f55-9392-913456ce724d.png,Potato,healthy,21,train
/app/imagenes/56d521eb-083c-38be-8cbe-9f6313e44e33.png,Potato,healthy,21,train
/app/imagenes/63d5bd97-886b-379e-86e9-ad5c9c00c837.png,Potato,healthy,21,train
/app/imagenes/fe2a0d2a-0f90-34be-a42e-efbb1a65a201.png,Potato,healthy,21,train
/app/imagenes/aca579d6-a39b-31d5-be94-7eff3bf127e8.png,Potato,healthy,21,train
/app/imagenes/008ecade-390e-3861-9de7-e20ec5dae2ae.png,Potato,healthy,21,train
/app/imagenes/2b7b31ff-744e-3f7d-93a2-8d82afec253b.png,Potato,healthy,21,train
/app/imagenes/cfa12e7c-b7d4-3cf5-9126-a817ede10f2e.png,Potato,Late_blight,22,train
/app/imagenes/416bede0-ced1-3ed2-a5b2-4b14bf3e87a2.png,Potato,Late_blight,22,train
/app/imagenes/e07b72d7-0cfe-3393-92ba-d3bb488fe046.png,Potato,Late_blight,22,train
/app/imagenes/6721e8dc-fb91-32e4-b271-97e979adf8d1.png,Potato,Late_blight,22,train
/app/imagenes/af4db900-8049-3562-9fac-983681397eca.png,Potato,Late_blight,22,train
/app/imagenes/066c750d-d656-3e60-8610-1b39d01f0df5.png,Potato,Late_blight,22,train
/app/imagenes/fde92d18-0829-3df4-95b5-26334dbccf99.png,Potato,Late_blight,22,train
/app/imagenes/6b979460-3c3d-3f74-a3bd-c3571facc291.png,Potato,Late_blight,22,train
/app/imagenes/c8203108-3d92-39f0-9d9f-d036abb46ff5.png,Potato,Late_blight,22,train
/app/imagenes/915b1c55-0748-3c22-8a61-54d83237e73d.png,Potato,Late_blight,22,train
/app/imagenes/572d2df2-3404-3de5-8668-00bba9f765ad.png,Potato,Late_blight,22,train
/app/imagenes/7bf8092a-e1c2-3469-85d4-b31ccd96a288.png,Potato,Late_blight,22,train
/app/imagenes/510439d1-e118-34a6-838e-cb81b4a13c43.png,Potato,Late_blight,22,train
/app/imagenes/ef7ef2a9-41db-30fc-9ccf-128a033544c0.png,Potato,Late_blight,22,train
/app/imagenes/c46ae358-5afc-3a9c-94dc-c6d48726dbcc.png,Potato,Late_blight,22,train
/app/imagenes/7c92f20b-cda3-3fc6-b2a0-3019ee7dddd5.png,Potato,Late_blight,22,train
/app/imagenes/e21b484b-4efb-323a-8f63-9120cc8469f9.png,Potato,Late_blight,22,train
/app/imagenes/8890bccb-9992-3ca1-a00f-5e40d90c195f.png,Potato,Late_blight,22,train
/app/imagenes/73c52a55-f070-3389-9105-62a060692bc4.png,Potato,Late_blight,22,train
/app/imagenes/4aeb0efe-3994-3d95-8594-2797cb8eaad7.png,Potato,Late_blight,22,train
/app/imagenes/f59fca43-5eec-3ec3-bbe8-84c29e524afa.png,Potato,Late_blight,22,train
/app/imagenes/cd96be4c-8509-3a90-9080-eeacfc4492f3.png,Potato,Late_blight,22,train
/app/imagenes/89fb1a2e-1344-3d9d-938f-4011555c5abe.png,Potato,Late_blight,22,train
/app/imagenes/c93d4df2-48a2-3155-9516-066d1b4b6c8e.png,Potato,Late_blight,22,train
/app/imagenes/f0615da3-ddbc-3a6e-9b3d-77550ae1530d.png,Potato,Late_blight,22,train
/app/imagenes/347f9ee6-0f64-30a8-be28-15a2fce4e596.png,Potato,Late_blight,22,train
/app/imagenes/62f25653-9859-3ab2-ba94-066153e50847.png,Potato,Late_blight,22,train
/app/imagenes/1a6a0ae3-54d0-3b6a-8586-8ce5da6c9861.png,Potato,Late_blight,22,train
/app/imagenes/6962eb33-0f53-378d-a8e6-9aa13befa246.png,Potato,Late_blight,22,train
/app/imagenes/aa6b1592-f255-39bd-a4b9-722b438416b2.png,Potato,Late_blight,22,train
/app/imagenes/b416f411-0a5c-3c8e-9adf-ff240f1852df.png,Potato,Late_blight,22,train
/app/imagenes/124e8fcd-9d96-32f4-980e-b84b45fa7e0b.png,Potato,Late_blight,22,train
/app/imagenes/24177253-3d64-36a4-bb89-808feeeb7889.png,Potato,Late_blight,22,train
/app/imagenes/6e47bc10-567b-3608-b202-b517814b7cf4.png,Potato,Late_blight,22,train
/app/imagenes/792fdc2c-3d00-3c23-a697-af445550ff91.png,Potato,Late_blight,22,train
/app/imagenes/6267b840-d30c-3cb3-a793-746f5dbfa3bb.png,Potato,Late_blight,22,train
/app/imagenes/3991f4e3-8c26-342e-b1e6-153ca48caea5.png,Potato,Late_blight,22,train
/app/imagenes/73e88054-e020-3532-ab5a-de1c6c8499db.png,Potato,Late_blight,22,train
/app/imagenes/b6726e18-e640-3d12-931c-be9a128164bd.png,Potato,Late_blight,22,train
/app/imagenes/c8370c32-66e0-3388-b511-ec83e8e39df9.png,Potato,Late_blight,22,train
/app/imagenes/5a5fdc6c-d168-317d-a5b6-be922185ab09.png,Potato,Late_blight,22,train
/app/imagenes/50d151b0-4abd-3073-9120-34a26fba947f.png,Potato,Late_blight,22,train
/app/imagenes/5a4d1931-77ba-3e66-ab4e-2804df830bc2.png,Potato,Late_blight,22,train
/app/imagenes/53c97893-4839-39e5-a353-46522b285168.png,Potato,Late_blight,22,train
/app/imagenes/576fff44-9d75-3034-be05-6d59f0b0b2d3.png,Potato,Late_blight,22,train
/app/imagenes/1e4bf507-7539-3043-a430-ac6f7b16e9c3.png,Potato,Late_blight,22,train
/app/imagenes/b25109ed-05ec-30da-9d86-aad70f309cd6.png,Potato,Late_blight,22,train
/app/imagenes/3e25ef39-f3ca-31d7-a1b8-9f66d2754f13.png,Potato,Late_blight,22,train
/app/imagenes/ed188f93-8ecc-3b4c-a690-c7704976e5db.png,Potato,Late_blight,22,train
/app/imagenes/7245fd03-4658-31b3-85d8-7f1b5e0f4202.png,Potato,Late_blight,22,train
/app/imagenes/42a40916-2c6d-30a6-97b7-c63128ca52dd.png,Potato,Late_blight,22,train
/app/imagenes/fd7f8d42-7aa8-3dfd-8bf2-83b0bf034054.png,Potato,Late_blight,22,train
/app/imagenes/c17f8139-5223-39e5-a59d-89d9b968f136.png,Potato,Late_blight,22,train
/app/imagenes/7c868048-7e90-32b5-8695-e0ca409d7f13.png,Potato,Late_blight,22,train
/app/imagenes/d1845e0b-36ce-356d-8fb7-f92621098ca2.png,Potato,Late_blight,22,train
/app/imagenes/fc39a72a-5273-3d10-a786-3996235ca2d5.png,Potato,Late_blight,22,train
/app/imagenes/63a69197-7c71-30b3-acd1-ebec331546e6.png,Potato,Late_blight,22,train
/app/imagenes/1e8a33ca-3c22-3cda-a3e2-7a7e4c1f1678.png,Potato,Late_blight,22,train
/app/imagenes/ffeb3d56-72b1-3d65-b7c8-0664de30284c.png,Potato,Late_blight,22,train
/app/imagenes/7b702195-a058-3705-9e73-6b7f1e777994.png,Potato,Late_blight,22,train
/app/imagenes/77b74980-4a39-3ae8-8558-f9b6e94e9286.png,Potato,Late_blight,22,train
/app/imagenes/4d42cdc2-7ead-3b53-8f68-1d28fda0eae1.png,Potato,Late_blight,22,train
/app/imagenes/53cd7d2b-9ae8-3345-918b-4e6608834dbb.png,Potato,Late_blight,22,train
/app/imagenes/3b41f00f-291e-3337-aefc-705b583a012f.png,Potato,Late_blight,22,train
/app/imagenes/6c6bfa50-b16e-36d8-86f6-c700f147f1f5.png,Potato,Late_blight,22,train
/app/imagenes/79379850-bd5f-379e-bea1-bd46393815ca.png,Potato,Late_blight,22,train
/app/imagenes/e2d196c5-5e69-3fca-bb16-3ae00873cf20.png,Potato,Late_blight,22,train
/app/imagenes/3b555982-7e3b-3cb3-ab09-df2bd4032f15.png,Potato,Late_blight,22,train
/app/imagenes/6b4ffa3c-7b4f-32e4-a973-83cde2bc00f2.png,Potato,Late_blight,22,train
/app/imagenes/fec579bb-b62c-3a0a-9409-4082ac052c5c.png,Potato,Late_blight,22,train
/app/imagenes/f63272e9-7c52-3b1d-8be9-a993f2b7f557.png,Raspberry,healthy,23,train
/app/imagenes/edd5d7a1-d715-30b2-8ba1-84fba2e7175e.png,Raspberry,healthy,23,train
/app/imagenes/80972423-66ff-3b0c-b451-2eec2a960272.png,Raspberry,healthy,23,train
/app/imagenes/ce75eb8f-cda0-3828-81db-2833e3d3e773.png,Raspberry,healthy,23,train
/app/imagenes/a89d836e-a7da-3de2-9b3c-69cea83e0aac.png,Raspberry,healthy,23,train
/app/imagenes/9f7eb6be-6b50-324c-b948-8deea192a239.png,Raspberry,healthy,23,train
/app/imagenes/ae8c5164-f9f5-3908-8a22-947588877192.png,Raspberry,healthy,23,train
/app/imagenes/099eb409-5468-342f-a941-3e60625de128.png,Raspberry,healthy,23,train
/app/imagenes/ffd9a7eb-e60a-324b-91a7-ec40c9d32fbc.png,Raspberry,healthy,23,train
/app/imagenes/a1128ba9-9a93-39d1-8e5e-825a147ef9e4.png,Raspberry,healthy,23,train
/app/imagenes/8807a921-1805-3bd5-b749-79499430941a.png,Raspberry,healthy,23,train
/app/imagenes/ae2c8118-3670-3638-931e-f707a532843e.png,Raspberry,healthy,23,train
/app/imagenes/c11e51bf-3089-3ccf-a9b4-33d1427c9c9b.png,Raspberry,healthy,23,train
/app/imagenes/fd2b161a-3d0b-37d9-ae99-455ae03c9cdc.png,Raspberry,healthy,23,train
/app/imagenes/0bf206b4-02cf-3485-82f1-6fe068880742.png,Raspberry,healthy,23,train
/app/imagenes/1c662cf7-bdf5-31d4-b62e-d14b8c03e137.png,Raspberry,healthy,23,train
/app/imagenes/460527fd-c437-30fc-b882-59a560b7ed37.png,Raspberry,healthy,23,train
/app/imagenes/f8cfe5c5-fa7e-3413-95fe-49989c802208.png,Raspberry,healthy,23,train
/app/imagenes/83dc2b97-92c6-3eb4-ad8e-0197e7ec7ba7.png,Raspberry,healthy,23,train
/app/imagenes/6701bea7-1372-369b-be61-e5b6d9c26864.png,Raspberry,healthy,23,train
/app/imagenes/6ebadf4c-86d3-3a04-9207-ba4124b939c5.png,Raspberry,healthy,23,train
/app/imagenes/8cdb3d9c-317f-3932-9246-3b8fede0a862.png,Raspberry,healthy,23,train
/app/imagenes/96c49aef-f38c-303e-ae73-2e0a5d90f43d.png,Raspberry,healthy,23,train
/app/imagenes/4ee6227f-d5bf-395c-bbd5-8d66d89d0ebd.png,Raspberry,healthy,23,train
/app/imagenes/9aefb714-4cd8-3234-bf55-5bb1732eacce.png,Raspberry,healthy,23,train
/app/imagenes/2cf427e5-7832-3160-b5ac-c884b161c196.png,Raspberry,healthy,23,train
/app/imagenes/4ab20704-cc18-3b1c-9157-78054a850300.png,Raspberry,healthy,23,train
/app/imagenes/a8484fe1-08fa-39b5-aed3-21549fa3ff89.png,Raspberry,healthy,23,train
/app/imagenes/5125035e-7e01-39ab-8f80-90b48cffd10c.png,Raspberry,healthy,23,train
/app/imagenes/d52555b2-0d74-3f88-afe4-6a3b922330a6.png,Raspberry,healthy,23,train
/app/imagenes/14a65c0c-2e13-33e5-9d81-7c31a23ef8f1.png,Raspberry,healthy,23,train
/app/imagenes/ee10e4c8-f8fc-35a6-8191-1193682df493.png,Raspberry,healthy,23,train
/app/imagenes/cd269152-5377-38a1-8e7e-491aa13f4c63.png,Raspberry,healthy,23,train
/app/imagenes/38690463-3435-39ac-be21-8b04557d3269.png,Raspberry,healthy,23,train
/app/imagenes/d0f9f6c7-d807-39c7-8839-d3aaa3fce271.png,Raspberry,healthy,23,train
/app/imagenes/c7ce3989-8cb2-3713-b14c-5717b27f6001.png,Raspberry,healthy,23,train
/app/imagenes/e2247413-714d-330e-a411-4d7e295c72ac.png,Raspberry,healthy,23,train
/app/imagenes/70d3428d-c2c1-3eb9-a74e-52e19fbeac6d.png,Raspberry,healthy,23,train
/app/imagenes/2d7e66d9-10a1-3cc6-8b24-0e3db12abcf6.png,Raspberry,healthy,23,train
/app/imagenes/26c128e0-8459-365e-acb7-580a6cb77db7.png,Raspberry,healthy,23,train
/app/imagenes/cab0a0d5-400c-370a-aabf-1521398dc864.png,Raspberry,healthy,23,train
/app/imagenes/b7d75c6e-4bdf-3564-a53c-8e7f46fbd5e1.png,Raspberry,healthy,23,train
/app/imagenes/3ca260bb-54f8-31bb-9e0d-ae53d7599c1f.png,Raspberry,healthy,23,train
/app/imagenes/98013114-1b79-35c9-9fd4-6cf1702924b6.png,Raspberry,healthy,23,train
/app/imagenes/413fa669-8981-317d-8ae4-fdc7f609c5b5.png,Raspberry,healthy,23,train
/app/imagenes/ffef3b51-73c9-39bb-818c-49b5323127f1.png,Raspberry,healthy,23,train
/app/imagenes/6d687a5f-6160-3063-a23e-bd89dbd4518c.png,Raspberry,healthy,23,train
/app/imagenes/20552902-8840-3d09-8221-41c3ab2c1d1a.png,Raspberry,healthy,23,train
/app/imagenes/f81c7ca9-e047-3629-89f1-f1a06d7fbe92.png,Raspberry,healthy,23,train
/app/imagenes/aca1dd32-e72c-31e6-b6cf-f6d8a8060ab1.png,Raspberry,healthy,23,train
/app/imagenes/0abbb226-d946-3cc8-b5d8-d2c45879969b.png,Raspberry,healthy,23,train
/app/imagenes/dbe3e5df-e761-3ace-8716-a111e6806827.png,Raspberry,healthy,23,train
/app/imagenes/7d90427b-e61a-3480-859c-f79feb45734f.png,Raspberry,healthy,23,train
/app/imagenes/7323a634-0137-303d-ab2d-29f3a04cd0a8.png,Raspberry,healthy,23,train
/app/imagenes/53c77a7f-64b1-3d29-b342-743f8b5ec650.png,Raspberry,healthy,23,train
/app/imagenes/50b7bd24-8eea-3450-9a6d-42dc15cbfad2.png,Raspberry,healthy,23,train
/app/imagenes/799018f9-c642-3250-ad6a-31da1d244264.png,Raspberry,healthy,23,train
/app/imagenes/375b6b73-30e7-34b2-967a-29dbc5318662.png,Raspberry,healthy,23,train
/app/imagenes/6e6c69eb-1062-3390-a20a-b7fa4ad29205.png,Raspberry,healthy,23,train
/app/imagenes/0006ed93-767d-3f08-a559-ecab73a26938.png,Raspberry,healthy,23,train
/app/imagenes/79dd1f97-90d5-3e2e-8365-5e7f03a64972.png,Raspberry,healthy,23,train
/app/imagenes/d379e897-c8c2-391d-b021-31240a9fe612.png,Raspberry,healthy,23,train
/app/imagenes/99de0ba2-485e-33ce-ad8c-56a182764ac1.png,Raspberry,healthy,23,train
/app/imagenes/6efebda4-28e5-3d42-afeb-9fbce8fc20c6.png,Raspberry,healthy,23,train
/app/imagenes/5c61fb6d-3052-383a-ad8b-439c895d5a69.png,Raspberry,healthy,23,train
/app/imagenes/15ad981e-de76-3f13-ba30-739d3ec28b7f.png,Raspberry,healthy,23,train
/app/imagenes/3404c7dd-120c-31a4-9a65-c09d926c4656.png,Raspberry,healthy,23,train
/app/imagenes/8e711ed2-cf66-3d17-82cd-2ba7aa78814f.png,Raspberry,healthy,23,train
/app/imagenes/1dc3d4b4-2b89-36ed-be70-bc694bd9d40d.png,Raspberry,healthy,23,train
/app/imagenes/a8f70b62-117d-3128-ac92-55d26dee8834.png,Raspberry,healthy,23,train
/app/imagenes/9bbc1416-5611-37ee-8b29-0acc9b3cb4d1.png,Soybean,healthy,24,train
/app/imagenes/43ecc978-2b5d-3bcd-92b8-c266648f88c6.png,Soybean,healthy,24,train
/app/imagenes/6b375bb0-8547-3f90-9cab-865b23bc9319.png,Soybean,healthy,24,train
/app/imagenes/6f5a2724-065b-3799-b8e7-bec4e3301cef.png,Soybean,healthy,24,train
/app/imagenes/e179b6ec-b1d8-3081-8970-697660186737.png,Soybean,healthy,24,train
/app/imagenes/94dbc077-8363-3f0b-8985-af018f168198.png,Soybean,healthy,24,train
/app/imagenes/3e386968-4e1e-32d7-a68a-512849f1295a.png,Soybean,healthy,24,train
/app/imagenes/3522f9b9-b162-3c24-97bb-3589b53df11c.png,Soybean,healthy,24,train
/app/imagenes/183a3a81-4924-3d10-91e4-b75af9232e59.png,Soybean,healthy,24,train
/app/imagenes/b7ee9dd7-12d2-326e-8ebb-5174466a5764.png,Soybean,healthy,24,train
/app/imagenes/71568e8c-ce3a-3a55-9058-9027a5df2b0e.png,Soybean,healthy,24,train
/app/imagenes/1765fe3c-abd9-3c5c-b0d7-786ea0a5bb3b.png,Soybean,healthy,24,train
/app/imagenes/ccc651e6-60b4-33e3-ae01-08064a8766e5.png,Soybean,healthy,24,train
/app/imagenes/75282cce-cd9d-39ae-b022-baf90628fd03.png,Soybean,healthy,24,train
/app/imagenes/7add2993-810d-36fd-b7f4-ec6e9f4d8ab9.png,Soybean,healthy,24,train
/app/imagenes/3c852d82-0ff0-36cd-92c1-011c7ed92b84.png,Soybean,healthy,24,train
/app/imagenes/234a438f-54e4-30c3-b66f-7d7c8a18ceec.png,Soybean,healthy,24,train
/app/imagenes/dbf9e220-dae8-3711-952b-1b58fbfb7d84.png,Soybean,healthy,24,train
/app/imagenes/00bc6812-b592-3c88-8fda-018ce77cc631.png,Soybean,healthy,24,train
/app/imagenes/73509f47-d86c-3d19-8a98-9df9e483ed0d.png,Soybean,healthy,24,train
/app/imagenes/4df4445a-ad67-315d-81a0-29420f398030.png,Soybean,healthy,24,train
/app/imagenes/294da4b7-a285-3e59-ab89-2c5c9e4d26ea.png,Soybean,healthy,24,train
/app/imagenes/d2a912ac-3d08-3a6c-a2fe-607d6854b429.png,Soybean,healthy,24,train
/app/imagenes/8e981b3e-4251-3e43-a41c-2f83d036a2fa.png,Soybean,healthy,24,train
/app/imagenes/d547b65b-9840-3b97-ac95-daea1a35b995.png,Soybean,healthy,24,train
/app/imagenes/ff0ef1bd-3b02-3e85-a1ee-77fda6fce89a.png,Soybean,healthy,24,train
/app/imagenes/317f9ca4-6e87-3f6a-a751-ca64e04d553d.png,Soybean,healthy,24,train
/app/imagenes/c95b83a9-d9ad-3217-93bd-f66fd325ec83.png,Soybean,healthy,24,train
/app/imagenes/50b4e082-6161-3757-905f-15d90b816e25.png,Soybean,healthy,24,train
/app/imagenes/e1557212-e409-37ac-9882-5e5bb1774fb7.png,Soybean,healthy,24,train
/app/imagenes/6757db74-74a2-39fc-a9ea-60434bce854d.png,Soybean,healthy,24,train
/app/imagenes/b3b60b11-11dd-3483-aa1c-1d4ae5bc2193.png,Soybean,healthy,24,train
/app/imagenes/ae3ae658-ca96-312a-95d5-da29755adef6.png,Soybean,healthy,24,train
/app/imagenes/8ffd25bf-a5a8-3b35-8485-b49a04e47504.png,Soybean,healthy,24,train
/app/imagenes/8f1b4f8f-cb21-31e9-a5f4-a50c53780538.png,Soybean,healthy,24,train
/app/imagenes/1bc15a26-413c-3f1e-b814-831fe271b979.png,Soybean,healthy,24,train
/app/imagenes/0df772ae-f127-3b34-b0ff-6b71986f9829.png,Soybean,healthy,24,train
/app/imagenes/61813f19-036a-3863-9a6d-897006cc2a2f.png,Soybean,healthy,24,train
/app/imagenes/6647758d-ec76-35e5-beee-8c0ccc1f666a.png,Soybean,healthy,24,train
/app/imagenes/55c1c16b-2ca3-3324-88b6-f66bd55e8d67.png,Soybean,healthy,24,train
/app/imagenes/7aea4175-c048-3488-9efb-4a3b5635d827.png,Soybean,healthy,24,train
/app/imagenes/b5000809-5a67-389b-8daf-ddc6b1ac1281.png,Soybean,healthy,24,train
/app/imagenes/bfb5752b-8666-3f19-b120-962ca901908f.png,Soybean,healthy,24,train
/app/imagenes/7af1c9d8-787f-3120-8e17-a694ca77528b.png,Soybean,healthy,24,train
/app/imagenes/6ab5cc05-a1e8-35b2-b729-7e8a80607c40.png,Soybean,healthy,24,train
/app/imagenes/f63b7950-8c4b-3360-9055-f8a6b7d00a76.png,Soybean,healthy,24,train
/app/imagenes/a863afaf-e07e-3f9f-8e93-5c4706e1cd1d.png,Soybean,healthy,24,train
/app/imagenes/26e15ba7-8cf1-3d69-8a32-8744ddc24f5d.png,Soybean,healthy,24,train
/app/imagenes/6b783d3b-c33f-3ce2-aaad-fd2229e9dee8.png,Soybean,healthy,24,train
/app/imagenes/c39e02d1-130f-3024-aa83-6c8b1504bbbf.png,Soybean,healthy,24,train
/app/imagenes/fc195660-a306-349e-914c-a33940fd0873.png,Soybean,healthy,24,train
/app/imagenes/8c48681b-5fcf-3c99-ac54-b57ed48b7410.png,Soybean,healthy,24,train
/app/imagenes/3284618d-334a-3cc3-b819-5af2b21c34c4.png,Soybean,healthy,24,train
/app/imagenes/cb309f9b-4ffb-3cde-b3af-1299ec9a93a7.png,Soybean,healthy,24,train
/app/imagenes/d4503816-423f-314f-9749-bc9ee478e6b6.png,Soybean,healthy,24,train
/app/imagenes/02ac51c2-5af6-3b0e-a933-4872e0a2d608.png,Soybean,healthy,24,train
/app/imagenes/3af67fb6-0e3e-3892-9c0d-6c1a8d53b833.png,Soybean,healthy,24,train
/app/imagenes/2e8bc7aa-c13a-3890-b586-70a1eb60f6bb.png,Soybean,healthy,24,train
/app/imagenes/cb377f2e-3f14-3e11-a743-5e05e8c87144.png,Soybean,healthy,24,train
/app/imagenes/781c9c73-634a-35cf-bbfd-0607d4de7c32.png,Soybean,healthy,24,train
/app/imagenes/f8bb425a-8549-314d-a420-a422a2bc9eb6.png,Soybean,healthy,24,train
/app/imagenes/672f8baa-4b14-3706-92c3-fceb424eb028.png,Soybean,healthy,24,train
/app/imagenes/4a5bdb29-ecbd-38e2-8bba-dc6c1677e414.png,Soybean,healthy,24,train
/app/imagenes/95d164c7-d848-35dd-9d7f-4b1c788adacf.png,Soybean,healthy,24,train
/app/imagenes/2838ae22-fa6b-3002-9333-b642180efce7.png,Soybean,healthy,24,train
/app/imagenes/a6f84c05-6865-3463-b4c2-15f6510297da.png,Soybean,healthy,24,train
/app/imagenes/d257b387-ec02-36e6-ab68-50a13f55b822.png,Soybean,healthy,24,train
/app/imagenes/d7818418-a1a1-3f8e-a3f2-b87958b75132.png,Soybean,healthy,24,train
/app/imagenes/d37db3a5-3088-39f0-a3ed-bb9b41e760d2.png,Soybean,healthy,24,train
/app/imagenes/32bd746f-2f73-3d78-907a-4221baf826aa.png,Soybean,healthy,24,train
/app/imagenes/ec06055e-e7ff-3145-a6c2-ce1e41da41f7.png,Squash,Powdery_mildew,25,train
/app/imagenes/b67e6bbd-d5df-33b0-98e1-6955c1496109.png,Squash,Powdery_mildew,25,train
/app/imagenes/7a46036b-e918-3a35-8357-76165d043eba.png,Squash,Powdery_mildew,25,train
/app/imagenes/ef4a818a-d2d5-31e1-92e3-191c159600eb.png,Squash,Powdery_mildew,25,train
/app/imagenes/82035d63-8531-3c22-a33c-00dc2c031dc4.png,Squash,Powdery_mildew,25,train
/app/imagenes/e82dad67-dd6d-3ebf-9e18-ace0bccf21ed.png,Squash,Powdery_mildew,25,train
/app/imagenes/2565c539-6fc4-3b10-bf49-506955c4a647.png,Squash,Powdery_mildew,25,train
/app/imagenes/65e69d77-e8c8-3761-a3a9-4e7e5dc055bf.png,Squash,Powdery_mildew,25,train
/app/imagenes/6246c34c-bf17-3d35-935e-78ca783a12a6.png,Squash,Powdery_mildew,25,train
/app/imagenes/a21d0725-d578-302f-a8d2-95d20e7714de.png,Squash,Powdery_mildew,25,train
/app/imagenes/deaf2291-68c8-30d5-bb17-739a2b5f747e.png,Squash,Powdery_mildew,25,train
/app/imagenes/0c90b216-ca30-3eec-950e-cb7b4923ebeb.png,Squash,Powdery_mildew,25,train
/app/imagenes/063c5676-1153-3355-af4d-62362956a7fb.png,Squash,Powdery_mildew,25,train
/app/imagenes/8a115675-478a-39db-8b85-16f7365c0a51.png,Squash,Powdery_mildew,25,train
/app/imagenes/a9b6f666-89e1-3018-890d-8b3b06cfc08c.png,Squash,Powdery_mildew,25,train
/app/imagenes/02beae0d-c5a2-3138-8711-6c3d812f7fcc.png,Squash,Powdery_mildew,25,train
/app/imagenes/cc5cf875-12db-386a-aa82-0a017bf99fb5.png,Squash,Powdery_mildew,25,train
/app/imagenes/7a48c6b6-4de9-3170-91b9-d40d74509926.png,Squash,Powdery_mildew,25,train
/app/imagenes/4ef540b2-31fd-33be-bd1e-2308acb0d2d2.png,Squash,Powdery_mildew,25,train
/app/imagenes/51634a5c-e0de-37f2-bd95-34756496d241.png,Squash,Powdery_mildew,25,train
/app/imagenes/35d92420-df2d-3470-828b-cc36722812a1.png,Squash,Powdery_mildew,25,train
/app/imagenes/3b5dd5fa-d10e-31b5-ab1e-e6ce8b7a5b77.png,Squash,Powdery_mildew,25,train
/app/imagenes/e4724ef9-1a4b-3bd1-b95c-67562c503436.png,Squash,Powdery_mildew,25,train
/app/imagenes/54d1b77f-8da8-32bb-bf6b-6685a5d26454.png,Squash,Powdery_mildew,25,train
/app/imagenes/78492656-abb8-3193-8b70-d3c86dd81495.png,Squash,Powdery_mildew,25,train
/app/imagenes/ad11f1bc-fef7-3944-bd50-6f1b6eb24879.png,Squash,Powdery_mildew,25,train
/app/imagenes/ac058fae-b31c-3579-b0a9-26545da7d513.png,Squash,Powdery_mildew,25,train
/app/imagenes/fa0b87cb-3b8c-3c3c-8017-476c5600b4c5.png,Squash,Powdery_mildew,25,train
/app/imagenes/55342466-38e2-3f6d-9fef-89d4a244bc3f.png,Squash,Powdery_mildew,25,train
/app/imagenes/322d07c8-f86b-3fa0-9718-5dee26dc2f10.png,Squash,Powdery_mildew,25,train
/app/imagenes/6acb479a-7a29-3a18-bda2-27cfd97acd21.png,Squash,Powdery_mildew,25,train
/app/imagenes/a6003442-3b9e-3697-bd3b-c09cdac1d5de.png,Squash,Powdery_mildew,25,train
/app/imagenes/1bfde26b-c950-3474-867c-7bc96ab5b7e2.png,Squash,Powdery_mildew,25,train
/app/imagenes/37f2395d-e7f9-375f-8d0b-696f89abc0f5.png,Squash,Powdery_mildew,25,train
/app/imagenes/d717761a-b367-3bcc-91d4-0b811d4ecac5.png,Squash,Powdery_mildew,25,train
/app/imagenes/85e700ff-f2de-35aa-9808-ad0f50d8f8f8.png,Squash,Powdery_mildew,25,train
/app/imagenes/453180b2-3e99-3f55-a747-e51aa1384bba.png,Squash,Powdery_mildew,25,train
/app/imagenes/4cc20054-41c8-3fca-8bd2-4a74a4f43233.png,Squash,Powdery_mildew,25,train
/app/imagenes/d12d3edf-4f13-34e8-ad83-d226f1e9c2e5.png,Squash,Powdery_mildew,25,train
/app/imagenes/910bf380-89b5-38c8-8fcb-db8f5853c12e.png,Squash,Powdery_mildew,25,train
/app/imagenes/91c537de-90ed-39e0-a730-34d92b202f31.png,Squash,Powdery_mildew,25,train
/app/imagenes/0ba964cd-29bf-34f6-a83f-be2f87474fd7.png,Squash,Powdery_mildew,25,train
/app/imagenes/e58750fb-53c6-3751-8131-f692588ad095.png,Squash,Powdery_mildew,25,train
/app/imagenes/2a9089dd-e636-33c1-a15b-66009c41752f.png,Squash,Powdery_mildew,25,train
/app/imagenes/58fcb07f-fd45-3b6e-92f8-7153ea793437.png,Squash,Powdery_mildew,25,train
/app/imagenes/baf90603-baaf-37b9-a340-c6d746186df2.png,Squash,Powdery_mildew,25,train
/app/imagenes/606cc4c5-a892-3cd6-adb4-10355ec76bac.png,Squash,Powdery_mildew,25,train
/app/imagenes/88b98e39-70a7-342e-85a1-c765c26b8976.png,Squash,Powdery_mildew,25,train
/app/imagenes/ed0b85b4-3ce4-3b81-9eba-479307bd2f76.png,Squash,Powdery_mildew,25,train
/app/imagenes/ea7b33cd-db9b-3244-bd0a-3cdcd179d744.png,Squash,Powdery_mildew,25,train
/app/imagenes/c73af7b1-4beb-3f65-848e-73e973e82953.png,Squash,Powdery_mildew,25,train
/app/imagenes/800c72ee-1c77-3455-8759-71df16adb184.png,Squash,Powdery_mildew,25,train
/app/imagenes/ba405851-6f71-3594-9409-90bfed49bd94.png,Squash,Powdery_mildew,25,train
/app/imagenes/fefd3b7a-c8d8-34fb-ba6d-3aab66fab7b0.png,Squash,Powdery_mildew,25,train
/app/imagenes/ca2d66db-1760-35e0-ae32-21fd60511dd5.png,Squash,Powdery_mildew,25,train
/app/imagenes/6624d7db-99c6-3ac2-8cd1-f10c337f1a1c.png,Squash,Powdery_mildew,25,train
/app/imagenes/69d32924-310e-3d8d-826a-75edd6fb9cc1.png,Squash,Powdery_mildew,25,train
/app/imagenes/205c1863-0079-33d3-be25-d215ba050174.png,Squash,Powdery_mildew,25,train
/app/imagenes/554c0251-c1f1-3e19-9e21-aa2f1abe5039.png,Squash,Powdery_mildew,25,train
/app/imagenes/645c6afc-6b62-3639-8c0c-bed39fe7fdc1.png,Squash,Powdery_mildew,25,train
/app/imagenes/3576182a-d7a2-3150-918b-043cc6065fbd.png,Squash,Powdery_mildew,25,train
/app/imagenes/ccca39ef-64e5-3091-a534-74d122fc992d.png,Squash,Powdery_mildew,25,train
/app/imagenes/ac53b1d1-ecc2-368c-90f3-c8f76fe39026.png,Squash,Powdery_mildew,25,train
/app/imagenes/c113b815-5f63-368c-9d31-844934e5b2c5.png,Squash,Powdery_mildew,25,train
/app/imagenes/2de8ee26-6a6a-387c-bad4-722baeea593b.png,Squash,Powdery_mildew,25,train
/app/imagenes/5d30d882-5a6c-335b-8d73-e872dbff13e4.png,Squash,Powdery_mildew,25,train
/app/imagenes/f45f1b3c-aaa8-3160-8f61-59ba56ea3528.png,Squash,Powdery_mildew,25,train
/app/imagenes/e3a0c217-3a8f-3675-8292-efaf18730dd4.png,Squash,Powdery_mildew,25,train
/app/imagenes/095e52e3-41cd-3852-a66e-834c58a68ae2.png,Squash,Powdery_mildew,25,train
/app/imagenes/23995fb0-2677-32d2-909c-faae3efb4dac.png,Squash,Powdery_mildew,25,train
/app/imagenes/130b09c0-17a4-3a32-9feb-ed0e44bc494a.png,Strawberry,healthy,26,train
/app/imagenes/8ac3bef0-8ded-3430-9a8a-8b82db02a3d4.png,Strawberry,healthy,26,train
/app/imagenes/153e573e-8ced-3c80-9366-ca9e5b088788.png,Strawberry,healthy,26,train
/app/imagenes/badedce6-96bc-3049-9049-fe945cc26851.png,Strawberry,healthy,26,train
/app/imagenes/77df7456-c38f-3f19-920d-7589a7aeda3c.png,Strawberry,healthy,26,train
/app/imagenes/555f3be1-3d97-3d93-be5c-35664e58d573.png,Strawberry,healthy,26,train
/app/imagenes/a0f32e7b-2d47-34cc-be2c-daa715b86d2e.png,Strawberry,healthy,26,train
/app/imagenes/1d53e754-eb9e-396d-94a7-c9e371e63399.png,Strawberry,healthy,26,train
/app/imagenes/3868fb35-b072-3da3-b297-e295133b0ec8.png,Strawberry,healthy,26,train
/app/imagenes/48b4a3f1-6fb3-346b-97dc-1b0ed606ee21.png,Strawberry,healthy,26,train
/app/imagenes/42708ecd-a2c2-3205-bd4f-8e3035a76af2.png,Strawberry,healthy,26,train
/app/imagenes/a56a65ac-ad45-30d8-a1b7-2c7089d82c6b.png,Strawberry,healthy,26,train
/app/imagenes/98ebf27c-75e9-3f3e-929b-8396d49edb55.png,Strawberry,healthy,26,train
/app/imagenes/7efdc69a-d411-3271-8107-02b1ef4cc8c5.png,Strawberry,healthy,26,train
/app/imagenes/fde0121c-51e1-3994-aee0-afd97f5400fb.png,Strawberry,healthy,26,train
/app/imagenes/3fb3f4b0-5f43-3463-b934-236968171853.png,Strawberry,healthy,26,train
/app/imagenes/392ca5de-414e-3828-97be-754da7f67314.png,Strawberry,healthy,26,train
/app/imagenes/b52a524e-9776-3ba7-825c-7f5e1309881b.png,Strawberry,healthy,26,train
/app/imagenes/082ab33c-eb8d-3cb0-a561-16d6b7c336c9.png,Strawberry,healthy,26,train
/app/imagenes/70cd971b-ce44-35d1-b4e7-5c3a7be5effd.png,Strawberry,healthy,26,train
/app/imagenes/8dd02ef8-3eeb-334e-a291-4080b9ba539d.png,Strawberry,healthy,26,train
/app/imagenes/ba390aea-74d8-326a-87cf-b4b2c11f72b1.png,Strawberry,healthy,26,train
/app/imagenes/06b18bff-b313-34d1-8d96-564c8f45cdd9.png,Strawberry,healthy,26,train
/app/imagenes/c7f758fa-d7fb-3dab-a505-f90e3b2aaf87.png,Strawberry,healthy,26,train
/app/imagenes/be22f2fe-81ee-3eea-a188-2eff32d24684.png,Strawberry,healthy,26,train
/app/imagenes/d15a8bf4-50dc-393e-b6b2-531f3ea73b3d.png,Strawberry,healthy,26,train
/app/imagenes/88cc0ddb-79a1-3279-a864-4c5e7ae03669.png,Strawberry,healthy,26,train
/app/imagenes/e493c636-7a12-352a-8dd2-b78e107fe3bc.png,Strawberry,healthy,26,train
/app/imagenes/a88ebc4e-01e8-35a7-9151-3673ecc44cc5.png,Strawberry,healthy,26,train
/app/imagenes/f04527a6-64dd-3368-965c-7321bc0f14a5.png,Strawberry,healthy,26,train
/app/imagenes/f4de1da4-7269-3864-82b1-e9ce01034c8b.png,Strawberry,healthy,26,train
/app/imagenes/4d0a189c-35c5-367f-b26b-025eab84e731.png,Strawberry,healthy,26,train
/app/imagenes/1e7c4034-8ebf-3e5b-b27f-98d8f811edfc.png,Strawberry,healthy,26,train
/app/imagenes/b09b9319-804c-3252-aa8a-9db7841b788e.png,Strawberry,healthy,26,train
/app/imagenes/f1cac32c-2b0d-3dbf-93f1-b084d04adbc2.png,Strawberry,healthy,26,train
/app/imagenes/0a4ccd57-7269-32d1-8f5a-a401d8795661.png,Strawberry,healthy,26,train
/app/imagenes/92666662-8796-3742-a2a8-c4ff2a7fabea.png,Strawberry,healthy,26,train
/app/imagenes/79bbe8ea-7c4d-3091-9358-07dde2759eb0.png,Strawberry,healthy,26,train
/app/imagenes/b595aa7c-e04a-314d-af71-58a35bb8befc.png,Strawberry,healthy,26,train
/app/imagenes/d7b118a8-c090-3daf-8b7d-9bf659cf5769.png,Strawberry,healthy,26,train
/app/imagenes/57c061b3-3832-3330-bb93-0877eb9b6ecb.png,Strawberry,healthy,26,train
/app/imagenes/b67b07c1-6cdf-3fa2-84b3-9887f72952a9.png,Strawberry,healthy,26,train
/app/imagenes/97adbfd3-a2a1-33b1-840f-2cd4f3d45bbd.png,Strawberry,healthy,26,train
/app/imagenes/4724c400-2eb2-3b50-bddf-369afef78fc2.png,Strawberry,healthy,26,train
/app/imagenes/f5de1364-88d4-37a8-a89f-8898aad6759e.png,Strawberry,healthy,26,train
/app/imagenes/43710327-7330-33a1-b54a-5eff02650fda.png,Strawberry,healthy,26,train
/app/imagenes/3bef5682-d40c-326f-8b8c-873d70b3d9ed.png,Strawberry,healthy,26,train
/app/imagenes/390e8aaa-485f-3d66-b0cc-a489005c435a.png,Strawberry,healthy,26,train
/app/imagenes/bced9d61-8c96-331d-b259-58ddb4ae00d1.png,Strawberry,healthy,26,train
/app/imagenes/f21f021c-6b03-3e2b-9b03-7be276add710.png,Strawberry,healthy,26,train
/app/imagenes/900a351a-688a-3bf2-b4c2-2e3a9b20a174.png,Strawberry,healthy,26,train
/app/imagenes/9daba223-ecb1-3835-ba69-8e4d1a73ae48.png,Strawberry,healthy,26,train
/app/imagenes/dd416044-9c43-349a-b4a2-2dbe1c636c7d.png,Strawberry,healthy,26,train
/app/imagenes/3c76b210-5d6d-3a82-81c5-c3da47cd34b0.png,Strawberry,healthy,26,train
/app/imagenes/7f483d65-2ae9-3cd8-b281-ae9a8ed1e0e2.png,Strawberry,healthy,26,train
/app/imagenes/64f5a4d7-b353-34d8-9291-f8212056c20c.png,Strawberry,healthy,26,train
/app/imagenes/1bc47a48-8525-3a59-8321-5ad43f61d586.png,Strawberry,healthy,26,train
/app/imagenes/6ed08c22-7ee8-37ad-a72c-bccbe21af1a6.png,Strawberry,healthy,26,train
/app/imagenes/065c0358-31dd-341c-a23d-4bfbe50cffae.png,Strawberry,healthy,26,train
/app/imagenes/d1d1730a-5b8c-38ca-a1d2-5bad08325c42.png,Strawberry,healthy,26,train
/app/imagenes/11e9f948-6ad2-37f3-a177-6aceb7582dff.png,Strawberry,healthy,26,train
/app/imagenes/2eabb891-5856-32f8-b1c0-e1bf82472143.png,Strawberry,healthy,26,train
/app/imagenes/573593fc-aef2-335a-8f02-76f9f79a9ed7.png,Strawberry,healthy,26,train
/app/imagenes/fa4100d2-0372-36ca-b349-a8e18fd3375b.png,Strawberry,healthy,26,train
/app/imagenes/2bb42381-9cfb-3402-85fc-9e540c3b94ac.png,Strawberry,healthy,26,train
/app/imagenes/dae2e5c6-e8eb-341a-b438-e9306241c699.png,Strawberry,healthy,26,train
/app/imagenes/1075f2c1-105c-39d1-ad2b-f5e56e1539d4.png,Strawberry,healthy,26,train
/app/imagenes/2e5c0eea-d7c6-38dc-83da-5ddbedbc51dc.png,Strawberry,healthy,26,train
/app/imagenes/ada2e39c-ca55-39a2-999e-636473bba9c4.png,Strawberry,healthy,26,train
/app/imagenes/00a06b98-8e67-34b7-b9ed-345363f1976d.png,Strawberry,healthy,26,train
/app/imagenes/57841a00-c25f-382d-9d0a-e17411a1e2b3.png,Strawberry,Leaf_scorch,27,train
/app/imagenes/c491fb83-70da-31f6-b603-b6cd73651b9d.png,Strawberry,Leaf_scorch,27,train
/app/imagenes/3e306a87-ed85-3950-89ae-0830ec2befdb.png,Strawberry,Leaf_scorch,27,train
/app/imagenes/05f4e41e-ac62-3f85-9805-08abf937ecea.png,Strawberry,Leaf_scorch,27,train
/app/imagenes/e24bc63f-d494-3b75-841e-e5d2922e3c74.png,Strawberry,Leaf_scorch,27,train
/app/imagenes/449433bb-8e12-3f32-9aeb-5582d7ff2ce6.png,Strawberry,Leaf_scorch,27,train
/app/imagenes/e429c20a-bc6f-3e32-a463-cfa7d7c76177.png,Strawberry,Leaf_scorch,27,train
/app/imagenes/b9c51417-9480-3357-8c15-220bc14f7f98.png,Strawberry,Leaf_scorch,27,train
/app/imagenes/4c7f0672-ee35-3ba7-922b-6d20a72bf37b.png,Strawberry,Leaf_scorch,27,train
/app/imagenes/15a74e84-1736-3596-87d9-8979efcc778c.png,Strawberry,Leaf_scorch,27,train
/app/imagenes/62a85870-ca13-3482-9c59-99302d81a8d5.png,Strawberry,Leaf_scorch,27,train
/app/imagenes/56913781-8662-38e3-9f8a-db36dacbb7e2.png,Strawberry,Leaf_scorch,27,train
/app/imagenes/9e3bb7b7-da54-3e82-83bc-28e1e7c22c26.png,Strawberry,Leaf_scorch,27,train
/app/imagenes/15ec83db-c5c0-3c3a-a7a9-2c4ee5b68917.png,Strawberry,Leaf_scorch,27,train
/app/imagenes/452b4d33-0321-3322-8e12-f09228d4e917.png,Strawberry,Leaf_scorch,27,train
/app/imagenes/93eb2d94-94e2-3ea3-951c-ed5574dc6dc6.png,Strawberry,Leaf_scorch,27,train
/app/imagenes/ee600301-d3bd-302c-b111-0067f0725cbb.png,Strawberry,Leaf_scorch,27,train
/app/imagenes/bf222e09-fa21-3f06-902a-e9413fffa59c.png,Strawberry,Leaf_scorch,27,train
/app/imagenes/733c5a95-4426-33e5-b4d8-6c6bbdae070b.png,Strawberry,Leaf_scorch,27,train
/app/imagenes/d07937a8-ffb7-3f2b-ac89-8f52d58788d2.png,Strawberry,Leaf_scorch,27,train
/app/imagenes/7670ceba-5bf3-3102-a135-ec7a7e573753.png,Strawberry,Leaf_scorch,27,train
/app/imagenes/3386552f-7ec6-37e0-a65b-db0fb1e767d4.png,Strawberry,Leaf_scorch,27,train
/app/imagenes/1f4623f3-73c4-3780-92e2-452c55ff3b0e.png,Strawberry,Leaf_scorch,27,train
/app/imagenes/da11d38a-a2ca-3569-9949-d111ebb0567b.png,Strawberry,Leaf_scorch,27,train
/app/imagenes/807f092a-1162-3f0f-bedc-e4efd8733c7a.png,Strawberry,Leaf_scorch,27,train
/app/imagenes/f1779147-ef72-3ef2-af2a-b84a45d011f5.png,Strawberry,Leaf_scorch,27,train
/app/imagenes/9c4371d4-3a69-391d-916a-d285af99c891.png,Strawberry,Leaf_scorch,27,train
/app/imagenes/a3b3d0b3-58ba-3d4f-979e-aa1cd2202805.png,Strawberry,Leaf_scorch,27,train
/app/imagenes/96dbcdf6-bbda-36e8-81b1-9d36cbc9385c.png,Strawberry,Leaf_scorch,27,train
/app/imagenes/7ea1fe4c-edd2-36f5-886c-6c354b7ca301.png,Strawberry,Leaf_scorch,27,train
/app/imagenes/386c9c9f-92d9-398e-9cb9-7c40f386d246.png,Strawberry,Leaf_scorch,27,train
/app/imagenes/3b84fd63-ccf9-321c-afbd-9b9bf2523db3.png,Strawberry,Leaf_scorch,27,train
/app/imagenes/95b5795f-c40e-3dd0-8017-0e0407890062.png,Strawberry,Leaf_scorch,27,train
/app/imagenes/7d4c5d4e-2976-3332-999c-73df252fc746.png,Strawberry,Leaf_scorch,27,train
/app/imagenes/e3f59977-3093-3cbb-8b39-9cbd06c14d1e.png,Strawberry,Leaf_scorch,27,train
/app/imagenes/5aa1b39e-d86d-30f7-8b05-8204fcd284ec.png,Strawberry,Leaf_scorch,27,train
/app/imagenes/d71b743c-0c27-30fd-bce8-2340c66d3162.png,Strawberry,Leaf_scorch,27,train
/app/imagenes/ca876d9a-ec11-38a4-817e-90604c1b6b47.png,Strawberry,Leaf_scorch,27,train
/app/imagenes/b3830fa1-ede7-3242-8b9a-e58ba95a57af.png,Strawberry,Leaf_scorch,27,train
/app/imagenes/f96d4fcb-91fc-3d8d-87e3-c74713d9ee43.png,Strawberry,Leaf_scorch,27,train
/app/imagenes/ecdcf6ae-a241-312a-b3c7-96dc0146d4cf.png,Strawberry,Leaf_scorch,27,train
/app/imagenes/a64b0a71-79dc-32df-9b66-9ec43144cea8.png,Strawberry,Leaf_scorch,27,train
/app/imagenes/a86bcb04-9a84-3c14-b263-bdf62b55dfbc.png,Strawberry,Leaf_scorch,27,train
/app/imagenes/675b7753-3ad5-3665-82bb-e40e5cd71957.png,Strawberry,Leaf_scorch,27,train
/app/imagenes/2bcf58f0-e525-3dc6-bb4a-f9c50ada2691.png,Strawberry,Leaf_scorch,27,train
/app/imagenes/0bdb24f6-228e-3d2d-acc7-dc61f1dc37cf.png,Strawberry,Leaf_scorch,27,train
/app/imagenes/9cc6a9e6-1f77-31ed-93e1-20b25f2feaba.png,Strawberry,Leaf_scorch,27,train
/app/imagenes/20d82ed3-bd9c-3c32-84b7-e6cde6e1fd62.png,Strawberry,Leaf_scorch,27,train
/app/imagenes/d8b0f7cc-462d-3f8e-8126-9030408219d2.png,Strawberry,Leaf_scorch,27,train
/app/imagenes/f06479ff-1b4f-33dd-a143-3fb1e71a75c5.png,Strawberry,Leaf_scorch,27,train
/app/imagenes/ea3ef483-3503-3e3d-aeab-1810fb1007a0.png,Strawberry,Leaf_scorch,27,train
/app/imagenes/6922d2fd-746d-36bf-964c-b6d1a27c8853.png,Strawberry,Leaf_scorch,27,train
/app/imagenes/094e651d-08d2-38d5-981d-0a0746f330b8.png,Strawberry,Leaf_scorch,27,train
/app/imagenes/e4217dfa-e040-3c10-93b1-f9e25fc342fb.png,Strawberry,Leaf_scorch,27,train
/app/imagenes/d7cfd9d5-2088-30d4-8cc9-a992e770a14e.png,Strawberry,Leaf_scorch,27,train
/app/imagenes/2f378cab-7327-38b3-8afa-f88cc7e78d5f.png,Strawberry,Leaf_scorch,27,train
/app/imagenes/59e4a14a-e275-3b12-804b-805e72033fa4.png,Strawberry,Leaf_scorch,27,train
/app/imagenes/1da20f54-0e85-300e-8f91-6fdc749c0bb8.png,Strawberry,Leaf_scorch,27,train
/app/imagenes/5657bda4-387e-3d57-a6f7-ef4e25488a6d.png,Strawberry,Leaf_scorch,27,train
/app/imagenes/8f76060d-d3bc-372b-9998-808a2a5e1dea.png,Strawberry,Leaf_scorch,27,train
/app/imagenes/9ad1332f-9e61-37c7-9b46-018e905fc077.png,Strawberry,Leaf_scorch,27,train
/app/imagenes/96d5d365-2b25-342b-a566-08dc7170662a.png,Strawberry,Leaf_scorch,27,train
/app/imagenes/d4bb1d9f-59ae-375a-b2b6-dd579651b558.png,Strawberry,Leaf_scorch,27,train
/app/imagenes/de4b86bf-8117-306b-921b-b82ebdbf0f95.png,Strawberry,Leaf_scorch,27,train
/app/imagenes/a10ed5b2-09e8-3933-89af-9080788c6c5d.png,Strawberry,Leaf_scorch,27,train
/app/imagenes/e0fc93d6-5bd1-321c-b373-99d1dbaf93f9.png,Strawberry,Leaf_scorch,27,train
/app/imagenes/79c1e833-4b44-3bed-892e-0242c9234fb8.png,Strawberry,Leaf_scorch,27,train
/app/imagenes/be3affb6-45e6-3100-888d-1446c907b535.png,Strawberry,Leaf_scorch,27,train
/app/imagenes/fa98f5cf-2a85-3009-9479-68485d5da01f.png,Strawberry,Leaf_scorch,27,train
/app/imagenes/b00b4035-16d9-3c24-af44-266c362b405b.png,Strawberry,Leaf_scorch,27,train
/app/imagenes/99b97bc8-6ac5-30af-9df5-6dd96380d36e.png,Tomato,Bacterial_spot,28,train
/app/imagenes/e217a145-881a-3ae8-98ba-74c2f0743157.png,Tomato,Bacterial_spot,28,train
/app/imagenes/8e70e51e-a31e-391e-aaf7-125c17ebfe77.png,Tomato,Bacterial_spot,28,train
/app/imagenes/64bdba43-6016-37f1-90ad-d1968bf267da.png,Tomato,Bacterial_spot,28,train
/app/imagenes/19511a0d-0572-3f43-8977-9590a9fc72c3.png,Tomato,Bacterial_spot,28,train
/app/imagenes/7baa2967-5506-3048-b3b4-388d18e57231.png,Tomato,Bacterial_spot,28,train
/app/imagenes/644a4344-32bf-36cd-8c2c-76372045b748.png,Tomato,Bacterial_spot,28,train
/app/imagenes/c47fd6ce-04d4-3b89-bc0d-5157571adb82.png,Tomato,Bacterial_spot,28,train
/app/imagenes/2449fba5-aeb4-3c5f-8bfd-7c8cb4c37523.png,Tomato,Bacterial_spot,28,train
/app/imagenes/4c1fabda-25d9-3916-b8c9-3bd685c6f99f.png,Tomato,Bacterial_spot,28,train
/app/imagenes/d60dfd29-4f8a-315d-8f9f-49ed6d0fb66a.png,Tomato,Bacterial_spot,28,train
/app/imagenes/5ec2ea0e-3b14-3bf7-be90-ac44e0c2a4c8.png,Tomato,Bacterial_spot,28,train
/app/imagenes/e25051b7-690f-37de-9c3d-1a30c3ca9a6e.png,Tomato,Bacterial_spot,28,train
/app/imagenes/4ff8b140-165c-39c0-8247-65032566854c.png,Tomato,Bacterial_spot,28,train
/app/imagenes/2a75e705-a1b8-35f8-93c4-b2d94cac1b09.png,Tomato,Bacterial_spot,28,train
/app/imagenes/c4b38d26-bd09-3a17-a450-acf31be32eaa.png,Tomato,Bacterial_spot,28,train
/app/imagenes/212af505-9aaf-3ab0-ac0e-6f04ad213083.png,Tomato,Bacterial_spot,28,train
/app/imagenes/2999fd50-163c-373d-a9e1-0c07a4e12ea0.png,Tomato,Bacterial_spot,28,train
/app/imagenes/4ea74a58-5663-35ab-b82a-70710b8059a2.png,Tomato,Bacterial_spot,28,train
/app/imagenes/b761bb6b-f5e5-3335-8d00-cade99472694.png,Tomato,Bacterial_spot,28,train
/app/imagenes/ca9707b1-c2f3-3786-87a9-7d290991c81a.png,Tomato,Bacterial_spot,28,train
/app/imagenes/febfc497-ab2b-30d3-b181-26854bdf1bb7.png,Tomato,Bacterial_spot,28,train
/app/imagenes/be7eef01-f5b9-3135-b5d3-3c61e980dbf7.png,Tomato,Bacterial_spot,28,train
/app/imagenes/ca3c5108-3ddb-368d-bb9a-2b5669444a6d.png,Tomato,Bacterial_spot,28,train
/app/imagenes/d76a4096-db0b-3767-8933-caf98674e20e.png,Tomato,Bacterial_spot,28,train
/app/imagenes/8674229d-ff77-3504-a623-6f5ef5e78659.png,Tomato,Bacterial_spot,28,train
/app/imagenes/33ef902d-dad4-35b9-a2b2-a9efb9c1ccd3.png,Tomato,Bacterial_spot,28,train
/app/imagenes/a1fa8aa5-8ea6-3942-ad2c-ea7b33662f7b.png,Tomato,Bacterial_spot,28,train
/app/imagenes/3ec88a4d-002b-3d9c-81f5-e308bf4c22b6.png,Tomato,Bacterial_spot,28,train
/app/imagenes/b0493e9a-6592-3868-ad79-cbb6382026f6.png,Tomato,Bacterial_spot,28,train
/app/imagenes/c465dd61-3284-3bfd-9257-34da39734adc.png,Tomato,Bacterial_spot,28,train
/app/imagenes/18e0e74b-8809-3ce6-8a2c-697c83140d02.png,Tomato,Bacterial_spot,28,train
/app/imagenes/234e1fb1-4a80-32bf-bd13-b9de932450c6.png,Tomato,Bacterial_spot,28,train
/app/imagenes/de4d48f3-3597-31f3-8ff1-783978f5aa4f.png,Tomato,Bacterial_spot,28,train
/app/imagenes/bddb1594-bc1b-3c5d-bce7-3c989b75f7eb.png,Tomato,Bacterial_spot,28,train
/app/imagenes/125de32c-bcfe-352d-8728-7398a5969ec8.png,Tomato,Bacterial_spot,28,train
/app/imagenes/c85d4ad4-c10d-3ed2-a286-966d88334294.png,Tomato,Bacterial_spot,28,train
/app/imagenes/bd916cc4-0366-320c-b918-35b7b82fb191.png,Tomato,Bacterial_spot,28,train
/app/imagenes/65be062a-c68e-3e0b-992b-37194f054e8e.png,Tomato,Bacterial_spot,28,train
/app/imagenes/74d812ec-ac81-38c5-a201-a9d87cf2222d.png,Tomato,Bacterial_spot,28,train
/app/imagenes/89172658-9a92-3613-8969-99f56304ae6b.png,Tomato,Bacterial_spot,28,train
/app/imagenes/456570ca-4c8f-3a4e-adc7-6e04af26e401.png,Tomato,Bacterial_spot,28,train
/app/imagenes/b185297e-bd71-3db1-b2ec-eeed35faf071.png,Tomato,Bacterial_spot,28,train
/app/imagenes/441cf8b0-a55c-3693-9697-e86bf6ad00f5.png,Tomato,Bacterial_spot,28,train
/app/imagenes/726ce240-a09b-31c9-a42f-bd86dbcdc263.png,Tomato,Bacterial_spot,28,train
/app/imagenes/5cf38daa-d189-3fc9-82d0-ea0f65683a37.png,Tomato,Bacterial_spot,28,train
/app/imagenes/44fd4a65-c9d0-3f3f-be00-302cd41f158e.png,Tomato,Bacterial_spot,28,train
/app/imagenes/5d589954-4751-3e11-976a-d7c5f0402b63.png,Tomato,Bacterial_spot,28,train
/app/imagenes/595725b5-d976-3910-b2bd-e63bdbbc4f6d.png,Tomato,Bacterial_spot,28,train
/app/imagenes/5c1be8b1-83c5-3315-9487-5258c47a5254.png,Tomato,Bacterial_spot,28,train
/app/imagenes/2b5d241f-5c9a-3337-a44b-aec15e68f432.png,Tomato,Bacterial_spot,28,train
/app/imagenes/3e0b8a11-43aa-3d74-a943-9bfe95ff00fd.png,Tomato,Bacterial_spot,28,train
/app/imagenes/e0f5d300-d858-3588-9317-daf91f5ac33f.png,Tomato,Bacterial_spot,28,train
/app/imagenes/3eb5b9f2-db6e-3781-87d7-25fb25efcfce.png,Tomato,Bacterial_spot,28,train
/app/imagenes/3fcb263f-9951-3c99-aaa5-1da7667c73b7.png,Tomato,Bacterial_spot,28,train
/app/imagenes/9c80a6a6-a5a5-3a3e-a37e-0003fdb958b9.png,Tomato,Bacterial_spot,28,train
/app/imagenes/05ff062e-bbbf-3636-a08b-af5f6e2b25ec.png,Tomato,Bacterial_spot,28,train
/app/imagenes/a871b0c5-3370-34e8-ae03-d9cca47e75fc.png,Tomato,Bacterial_spot,28,train
/app/imagenes/eb201e18-e3d2-304c-b53a-efd062bf4506.png,Tomato,Bacterial_spot,28,train
/app/imagenes/3ddce781-22b0-3c27-adef-eab8536c65eb.png,Tomato,Bacterial_spot,28,train
/app/imagenes/4e620648-1f52-351a-8f6a-02038a0882bd.png,Tomato,Bacterial_spot,28,train
/app/imagenes/6486141b-a21f-36a5-af5c-d040bda483c8.png,Tomato,Bacterial_spot,28,train
/app/imagenes/dd7c221b-977a-3407-86a8-ec3e7878fe27.png,Tomato,Bacterial_spot,28,train
/app/imagenes/99b6261c-f3cf-35cb-943a-790a0d9a772c.png,Tomato,Bacterial_spot,28,train
/app/imagenes/102e7f3e-1388-3ca5-94e9-72cd415a52b0.png,Tomato,Bacterial_spot,28,train
/app/imagenes/946ca6d0-e737-3c8a-8fb3-f319d854e4b6.png,Tomato,Bacterial_spot,28,train
/app/imagenes/0a642c0c-1c20-35fa-82b0-5966e9a08330.png,Tomato,Bacterial_spot,28,train
/app/imagenes/4d87bfa5-23e6-32e0-b6db-4ed872bd8fd9.png,Tomato,Bacterial_spot,28,train
/app/imagenes/ef140fce-6faa-3af7-9ea5-393b077d259f.png,Tomato,Bacterial_spot,28,train
/app/imagenes/26b11173-c520-3d5d-9861-96be694764d8.png,Tomato,Bacterial_spot,28,train
/app/imagenes/cc91df10-3d18-3cd5-8965-991d9feaa559.png,Tomato,Early_blight,29,train
/app/imagenes/ff8f8280-a8f0-320b-8432-797920be2085.png,Tomato,Early_blight,29,train
/app/imagenes/4accd021-3b6e-3679-ba77-e17e4a277679.png,Tomato,Early_blight,29,train
/app/imagenes/95afa0ec-32b0-30aa-8ef4-634ac25b24de.png,Tomato,Early_blight,29,train
/app/imagenes/d4ca1931-6382-3633-8a20-fba8b0812b5b.png,Tomato,Early_blight,29,train
/app/imagenes/fce62034-7576-3efa-97f0-b19ff0c375d2.png,Tomato,Early_blight,29,train
/app/imagenes/7f262240-8dce-30fc-849a-c52e0c753b79.png,Tomato,Early_blight,29,train
/app/imagenes/8ca680fb-210b-3d81-a88b-11bcd8362c59.png,Tomato,Early_blight,29,train
/app/imagenes/9c3ec152-a445-3b5d-98f4-95084688976a.png,Tomato,Early_blight,29,train
/app/imagenes/7bc7d097-ae36-3c7b-82d8-a1046c9817cd.png,Tomato,Early_blight,29,train
/app/imagenes/aa2623e7-de50-32c8-b361-d9b1d8c1b6e9.png,Tomato,Early_blight,29,train
/app/imagenes/3080d832-aa1a-36f4-9007-0502cfab0e0d.png,Tomato,Early_blight,29,train
/app/imagenes/6c3baa1c-9cbc-3e51-b3b1-15c67a0f6b61.png,Tomato,Early_blight,29,train
/app/imagenes/244e7e65-80d7-33d0-b8f4-bdf69c42233c.png,Tomato,Early_blight,29,train
/app/imagenes/4db3d63d-d334-3e76-ab06-3180eaf2b070.png,Tomato,Early_blight,29,train
/app/imagenes/adc248d2-4d16-30f2-9187-260b64110779.png,Tomato,Early_blight,29,train
/app/imagenes/0b6eccdd-5ede-3d74-9af9-2293fe08c090.png,Tomato,Early_blight,29,train
/app/imagenes/dc5f0781-5bc0-3818-b4a3-1685bd35655a.png,Tomato,Early_blight,29,train
/app/imagenes/2f1b91c6-5026-3476-bb8a-600a56f1f2c9.png,Tomato,Early_blight,29,train
/app/imagenes/055ad8b4-6b7c-3b62-bbd3-6ec7bb19e9b1.png,Tomato,Early_blight,29,train
/app/imagenes/4608b68e-2e6f-365c-b6af-017264d8a0ec.png,Tomato,Early_blight,29,train
/app/imagenes/c09d2929-b8a0-34d7-ad06-8135de5bd752.png,Tomato,Early_blight,29,train
/app/imagenes/4334262e-1449-363e-a6a4-b7bc1467e988.png,Tomato,Early_blight,29,train
/app/imagenes/a8fec9e1-b5d9-33be-b92e-20e2f30b74c5.png,Tomato,Early_blight,29,train
/app/imagenes/04881e59-227b-354c-a2f0-effcab2490b0.png,Tomato,Early_blight,29,train
/app/imagenes/109f0762-330c-3655-a25e-7a7540e5acbf.png,Tomato,Early_blight,29,train
/app/imagenes/4b38f5f2-9653-3c7e-a967-615bf4a910f4.png,Tomato,Early_blight,29,train
/app/imagenes/7e16f482-000d-3e1f-ad6e-79d61b57f29f.png,Tomato,Early_blight,29,train
/app/imagenes/f253ea02-3604-39b4-aa4c-6819efb9a95b.png,Tomato,Early_blight,29,train
/app/imagenes/db9b55a5-1e11-3a93-b38a-ad60298d8c6f.png,Tomato,Early_blight,29,train
/app/imagenes/00ac07a7-1e4c-3e51-a78a-de2329c9358d.png,Tomato,Early_blight,29,train
/app/imagenes/93771e60-ba9b-3ca8-9f6f-0b85d573abe7.png,Tomato,Early_blight,29,train
/app/imagenes/170b53b1-0470-3c3b-afe0-de50250c5c80.png,Tomato,Early_blight,29,train
/app/imagenes/25f232e5-0e6d-38e6-a65b-7c9b23b9f045.png,Tomato,Early_blight,29,train
/app/imagenes/df6f0763-c327-3b1c-a7c4-95f46b5ffd1f.png,Tomato,Early_blight,29,train
/app/imagenes/db59339f-abae-309c-ae9e-0bbc4b2cc1e0.png,Tomato,Early_blight,29,train
/app/imagenes/c89becff-f7c5-3b1e-8ebc-dc892e6058b9.png,Tomato,Early_blight,29,train
/app/imagenes/5f993586-fc0e-3ba0-bacd-05c0967adaf3.png,Tomato,Early_blight,29,train
/app/imagenes/916eabc8-81dd-399b-b3da-e6a2b146b01e.png,Tomato,Early_blight,29,train
/app/imagenes/6d4b2ba0-06fa-3d0f-b234-5d71b6983a72.png,Tomato,Early_blight,29,train
/app/imagenes/9fcd35aa-f97e-3dc2-8621-69d224bb9e9b.png,Tomato,Early_blight,29,train
/app/imagenes/06403c2f-ce2e-3b95-b921-88477fe3ee63.png,Tomato,Early_blight,29,train
/app/imagenes/ff3f34a8-62e7-32f0-8697-216a2fd9c98e.png,Tomato,Early_blight,29,train
/app/imagenes/413242ed-27a1-3f9c-8bef-53c4bf89566b.png,Tomato,Early_blight,29,train
/app/imagenes/01ef76be-3f1f-3e2e-acfd-0e5b4b688e1f.png,Tomato,Early_blight,29,train
/app/imagenes/f50fa660-e4f8-3e45-a798-412e9ec92d2d.png,Tomato,Early_blight,29,train
/app/imagenes/46bc9e27-6588-35ff-8a23-e21d62398551.png,Tomato,Early_blight,29,train
/app/imagenes/be583182-2655-3dff-9cbf-2787e646e24b.png,Tomato,Early_blight,29,train
/app/imagenes/32e5a047-60c7-37ab-9470-06eda76d8409.png,Tomato,Early_blight,29,train
/app/imagenes/d6f39f44-17e4-3110-812a-3ad177a3e801.png,Tomato,Early_blight,29,train
/app/imagenes/b2510ca0-6c61-3a5b-8670-0356e7426149.png,Tomato,Early_blight,29,train
/app/imagenes/845f00f2-dddc-33ca-be4e-264d11c63847.png,Tomato,Early_blight,29,train
/app/imagenes/da91c358-18a9-397e-a001-1d095285c751.png,Tomato,Early_blight,29,train
/app/imagenes/0d557474-0aa7-345f-ae89-af406c996a26.png,Tomato,Early_blight,29,train
/app/imagenes/3df4f542-7d23-3e51-ab73-30f55801c575.png,Tomato,Early_blight,29,train
/app/imagenes/1e759ce2-6a5b-3494-a639-f90b0fdf814a.png,Tomato,Early_blight,29,train
/app/imagenes/69bf181f-14ab-3e05-8c4d-f34bc7ad3470.png,Tomato,Early_blight,29,train
/app/imagenes/f90c13f6-680b-349a-8146-7bbae6af4605.png,Tomato,Early_blight,29,train
/app/imagenes/3b31a1ee-207a-3b5f-9f95-f287f55d1a68.png,Tomato,Early_blight,29,train
/app/imagenes/c4b2f2a4-5d25-3ae6-a336-4fb8838c05d0.png,Tomato,Early_blight,29,train
/app/imagenes/ba6e3be7-1997-3295-a2d9-2b8a0b311641.png,Tomato,Early_blight,29,train
/app/imagenes/f9171ec8-615b-3108-b3b6-7db3f31dfd9d.png,Tomato,Early_blight,29,train
/app/imagenes/098d9565-02c7-314f-bd4c-bffa7132d8c8.png,Tomato,Early_blight,29,train
/app/imagenes/63c063ce-3e87-3a59-bc88-8a3e654caa62.png,Tomato,Early_blight,29,train
/app/imagenes/50ab9baa-59b7-35d1-8426-f8daf9f743ba.png,Tomato,Early_blight,29,train
/app/imagenes/dd06bcd7-51e2-39cd-95e8-1fbc2def7581.png,Tomato,Early_blight,29,train
/app/imagenes/518bbec4-55ad-3706-a1c2-17ff3c91b075.png,Tomato,Early_blight,29,train
/app/imagenes/cecb6caa-bd58-3bbc-9964-741937351dae.png,Tomato,Early_blight,29,train
/app/imagenes/af207f62-3e6c-3a6d-975f-15d086e902d2.png,Tomato,Early_blight,29,train
/app/imagenes/82f271e7-5fca-3fb3-b124-92314af371b0.png,Tomato,Early_blight,29,train
/app/imagenes/6c6822d3-aa40-3846-8142-cfc905bbc792.png,Tomato,healthy,30,train
/app/imagenes/cdc9384d-d755-3ccf-a12e-60628c4e9224.png,Tomato,healthy,30,train
/app/imagenes/faa6c81a-0c81-3fe1-b2ab-a00d434909ec.png,Tomato,healthy,30,train
/app/imagenes/54066530-9915-3ea5-a565-7aab9e93b84b.png,Tomato,healthy,30,train
/app/imagenes/28e25ea8-a89e-3490-88c5-71aee98f3138.png,Tomato,healthy,30,train
/app/imagenes/ac7f6456-f732-3972-aa9e-a83115c291a4.png,Tomato,healthy,30,train
/app/imagenes/9267150a-ef66-3575-8930-b3834e87c8f6.png,Tomato,healthy,30,train
/app/imagenes/4f41c99b-b26d-322f-b37f-f3927f572278.png,Tomato,healthy,30,train
/app/imagenes/14fc8a2c-f9a9-36e1-b70f-99db52f80823.png,Tomato,healthy,30,train
/app/imagenes/14c1fe85-d502-3e21-8115-01233e9b4124.png,Tomato,healthy,30,train
/app/imagenes/62c8451e-aa0a-3f1c-bff5-4fe6da18d09f.png,Tomato,healthy,30,train
/app/imagenes/8b90af9a-e967-3787-8d0b-5dad7018dbb9.png,Tomato,healthy,30,train
/app/imagenes/8e7c51ff-9c7f-3efe-86f2-ec5725d759a1.png,Tomato,healthy,30,train
/app/imagenes/446df454-2a78-3e76-8870-c84e05670647.png,Tomato,healthy,30,train
/app/imagenes/a92ebbd2-12d7-3f53-97a3-7f2c0e686e98.png,Tomato,healthy,30,train
/app/imagenes/8afd7b97-2c07-38e4-a1e2-3b9ca58dc8f6.png,Tomato,healthy,30,train
/app/imagenes/73cf5a51-eab6-38b3-ac8c-5d2f5e383cd9.png,Tomato,healthy,30,train
/app/imagenes/c64a46ba-38b2-3346-b5ee-a135918b2b49.png,Tomato,healthy,30,train
/app/imagenes/5ebfd1d4-8d69-3b38-8190-98638e024bb1.png,Tomato,healthy,30,train
/app/imagenes/4b15735b-7d25-39f7-b534-d4dc205ddecb.png,Tomato,healthy,30,train
/app/imagenes/61c3e95b-a23d-3412-b601-2c52e9ee5343.png,Tomato,healthy,30,train
/app/imagenes/82e0deff-c62f-3aba-b9c7-7fb60fb38e3c.png,Tomato,healthy,30,train
/app/imagenes/01409185-ca42-3a6b-89d0-afc30814be02.png,Tomato,healthy,30,train
/app/imagenes/6dc1b407-f282-358b-b544-352b3c2117ef.png,Tomato,healthy,30,train
/app/imagenes/e924ded7-0ab6-340e-84d1-fa17a16bac59.png,Tomato,healthy,30,train
/app/imagenes/0f923ac1-93d9-3b3c-955f-3fc386f06358.png,Tomato,healthy,30,train
/app/imagenes/88bc9d49-112b-330e-9bf0-5c771c1ccace.png,Tomato,healthy,30,train
/app/imagenes/ee8060f9-12d2-3b20-8708-e89d6f4c468f.png,Tomato,healthy,30,train
/app/imagenes/a0a90bfa-33bb-3c30-bc7c-798525c97eb3.png,Tomato,healthy,30,train
/app/imagenes/4a75ced8-6cbd-34ef-b8b1-f446bab90116.png,Tomato,healthy,30,train
/app/imagenes/05578889-8a30-3572-aaec-a4a7d841f021.png,Tomato,healthy,30,train
/app/imagenes/d4a02350-e8e2-3342-afb9-8ca1dede653d.png,Tomato,healthy,30,train
/app/imagenes/142bb0c2-443a-3345-92f5-084ebd9a057c.png,Tomato,healthy,30,train
/app/imagenes/53b6ed3a-21d9-3c6d-8051-b4f483c98aff.png,Tomato,healthy,30,train
/app/imagenes/fc897851-0a41-38b2-b331-6c6fc341ff04.png,Tomato,healthy,30,train
/app/imagenes/53b749c5-2fa2-3856-a626-d1c105c9008a.png,Tomato,healthy,30,train
/app/imagenes/ad0b5c1c-0b9b-3076-bfe1-c3ad254a48f2.png,Tomato,healthy,30,train
/app/imagenes/a33b9b1c-9ee2-3f2b-87d1-22965a13bb6f.png,Tomato,healthy,30,train
/app/imagenes/49fed549-b9b0-3c4d-81a8-07fea3645b33.png,Tomato,healthy,30,train
/app/imagenes/f2d6ad65-a232-3e7a-9ea0-8e69283ab683.png,Tomato,healthy,30,train
/app/imagenes/a87ebed5-f424-3000-bd24-783ec9b54193.png,Tomato,healthy,30,train
/app/imagenes/b9e80aa5-a739-3748-a80a-796de666c7be.png,Tomato,healthy,30,train
/app/imagenes/9e25c2f7-e9c7-3019-bce9-9f4513d6a68a.png,Tomato,healthy,30,train
/app/imagenes/971431f3-a29d-36ca-8efd-f76bd352c565.png,Tomato,healthy,30,train
/app/imagenes/cf887b8d-eef0-36bf-8774-1d1ce23e7c8a.png,Tomato,healthy,30,train
/app/imagenes/ab8ca75c-d8ad-3bde-b6a7-b9ca6335b174.png,Tomato,healthy,30,train
/app/imagenes/15a62a2e-fb01-39af-a092-c2f4a6eb2637.png,Tomato,healthy,30,train
/app/imagenes/ec231dda-2d9f-393b-a90e-3d412f6e76aa.png,Tomato,healthy,30,train
/app/imagenes/b393b536-83be-3bb9-979d-e7110649cc0d.png,Tomato,healthy,30,train
/app/imagenes/4e047d1a-fbbe-3535-a975-7711ef21311a.png,Tomato,healthy,30,train
/app/imagenes/f53f243d-a04b-3fe0-a7f2-596b574d4158.png,Tomato,healthy,30,train
/app/imagenes/331146d0-fb9a-3fcb-8d2b-46b224626d4d.png,Tomato,healthy,30,train
/app/imagenes/0b2464c5-ce56-3a43-9bef-f87cdb8c1ae5.png,Tomato,healthy,30,train
/app/imagenes/a357c25e-6f29-3cff-b7a1-0a7399028f46.png,Tomato,healthy,30,train
/app/imagenes/c6cf5ba2-dc9c-3b85-a4a3-dcac3d7089e8.png,Tomato,healthy,30,train
/app/imagenes/5feb3adc-d8a4-348a-8bc2-2ae46d3c4125.png,Tomato,healthy,30,train
/app/imagenes/061232b7-630d-34b3-826d-30eb876c1cd3.png,Tomato,healthy,30,train
/app/imagenes/a88d5db7-57f8-3516-ba01-a0721a320689.png,Tomato,healthy,30,train
/app/imagenes/726fffdf-caba-393e-ac4e-1cbfa65896b9.png,Tomato,healthy,30,train
/app/imagenes/4ad0952d-7cc7-3ad2-9b92-c7e2f4ed2443.png,Tomato,healthy,30,train
/app/imagenes/bf160612-9b12-3782-b56f-7e681c70f1eb.png,Tomato,healthy,30,train
/app/imagenes/52b84706-9086-3a47-82ec-ab457fb3e9c2.png,Tomato,healthy,30,train
/app/imagenes/aecf1deb-9b4c-366f-b308-02fef960bd13.png,Tomato,healthy,30,train
/app/imagenes/a6de01f8-1f4a-3633-9e8d-2c2f49ecbb3f.png,Tomato,healthy,30,train
/app/imagenes/033747d4-0fb8-3926-a04f-e471c541e4fc.png,Tomato,healthy,30,train
/app/imagenes/3a14f2fe-44e9-3305-95a6-60aefe9417e7.png,Tomato,healthy,30,train
/app/imagenes/69ff402d-8cf7-32af-8163-98f755a34d0e.png,Tomato,healthy,30,train
/app/imagenes/639cc45d-5042-34fe-bd8c-00180c27d319.png,Tomato,healthy,30,train
/app/imagenes/d5ff2ccc-d63d-3fdb-a3af-a992a0c4b782.png,Tomato,healthy,30,train
/app/imagenes/7f655f35-0ea2-3e68-b9d3-b7c8c14af030.png,Tomato,healthy,30,train
/app/imagenes/9f34cba6-a5ec-39ad-88a7-b95fa10db1f7.png,Tomato,Late_blight,31,train
/app/imagenes/9b79686c-f635-3d41-82a6-3bdd1ff8105c.png,Tomato,Late_blight,31,train
/app/imagenes/ebd46b74-4b45-37d1-98cb-1539ffe1f207.png,Tomato,Late_blight,31,train
/app/imagenes/90362f6b-3e16-350b-89b6-69270f662c52.png,Tomato,Late_blight,31,train
/app/imagenes/9fe168ef-624b-3cb3-9ac2-4f3d7089eb41.png,Tomato,Late_blight,31,train
/app/imagenes/cf0b24eb-488d-383c-aac6-ac6751495659.png,Tomato,Late_blight,31,train
/app/imagenes/954be4a2-84bb-3b85-918a-2b9653cc42c7.png,Tomato,Late_blight,31,train
/app/imagenes/faf09c8d-6fa5-3459-ab3d-0e51fcceb2f1.png,Tomato,Late_blight,31,train
/app/imagenes/f5ae785f-5b33-36bc-9ea9-86c550915871.png,Tomato,Late_blight,31,train
/app/imagenes/d05bef6f-6838-3779-9359-7b3549179502.png,Tomato,Late_blight,31,train
/app/imagenes/6686267d-3dac-3036-a8ac-4aea08356666.png,Tomato,Late_blight,31,train
/app/imagenes/55449dae-cc8d-3db9-9a32-6be1c127148c.png,Tomato,Late_blight,31,train
/app/imagenes/912adba9-31a6-3d62-8065-c5b1bfe67125.png,Tomato,Late_blight,31,train
/app/imagenes/3f7ed373-ed0b-3450-ab1f-da8186f24c3f.png,Tomato,Late_blight,31,train
/app/imagenes/8541d3d9-c387-3ba2-a322-1dd200c82579.png,Tomato,Late_blight,31,train
/app/imagenes/18ee0539-5fff-3748-a0e4-f960d142658c.png,Tomato,Late_blight,31,train
/app/imagenes/8e9a2c60-8979-3789-8f0c-ba828b62aa79.png,Tomato,Late_blight,31,train
/app/imagenes/772e1178-5d3a-3666-b014-6fbcf9320c0f.png,Tomato,Late_blight,31,train
/app/imagenes/85547b8f-69af-3aaf-b700-bcf5148c367c.png,Tomato,Late_blight,31,train
/app/imagenes/5a9e2be2-8355-3156-a1b4-b192e413cdbe.png,Tomato,Late_blight,31,train
/app/imagenes/b6036894-e359-35e0-a438-a271058c0277.png,Tomato,Late_blight,31,train
/app/imagenes/d8070140-55a7-38a4-b479-7eee7b0dd47c.png,Tomato,Late_blight,31,train
/app/imagenes/e9ddb17b-3be2-3d9f-8b95-b17ad2f81e57.png,Tomato,Late_blight,31,train
/app/imagenes/3f0f6b4f-3bfd-3789-8f56-98b4f791b00b.png,Tomato,Late_blight,31,train
/app/imagenes/211b0153-c163-3a5d-b1cc-735d2ea72556.png,Tomato,Late_blight,31,train
/app/imagenes/58d11330-8503-39ba-9b4d-5791fd647378.png,Tomato,Late_blight,31,train
/app/imagenes/0b1e84d1-bb6c-3ff9-af75-44ca51056377.png,Tomato,Late_blight,31,train
/app/imagenes/785e459b-1b1d-3b06-a07c-828701f2638e.png,Tomato,Late_blight,31,train
/app/imagenes/125f2286-8323-3edb-bd6e-ce53a4326ff3.png,Tomato,Late_blight,31,train
/app/imagenes/39d0b2a7-43a3-34bb-8a2e-2bd2b3d7aa2e.png,Tomato,Late_blight,31,train
/app/imagenes/8f00e50e-5914-378f-9892-6f4efea0515a.png,Tomato,Late_blight,31,train
/app/imagenes/a8eef2b8-e356-3714-ac9a-9a95be032170.png,Tomato,Late_blight,31,train
/app/imagenes/1df27b29-9445-317d-91f7-bc6ab07cca62.png,Tomato,Late_blight,31,train
/app/imagenes/916252de-6e4d-3f22-b2dc-348423c20d72.png,Tomato,Late_blight,31,train
/app/imagenes/aca17706-2460-3856-a2d8-c2e2122f969f.png,Tomato,Late_blight,31,train
/app/imagenes/e8818ec3-184e-32f3-bed0-eebef1c77bbf.png,Tomato,Late_blight,31,train
/app/imagenes/b222bf6d-bc91-396b-9a6b-3219fe8e4ec8.png,Tomato,Late_blight,31,train
/app/imagenes/901a3786-6bb4-3f52-8402-46ef0c485129.png,Tomato,Late_blight,31,train
/app/imagenes/65b230f2-f103-3f49-bc90-3365eb1952c6.png,Tomato,Late_blight,31,train
/app/imagenes/0d13a909-cb0d-3d7d-9d52-a221184a22d7.png,Tomato,Late_blight,31,train
/app/imagenes/2ce7c390-8b1e-3456-8ada-0355b4aada34.png,Tomato,Late_blight,31,train
/app/imagenes/05f62948-c862-3fd3-ba22-4e59b4bd9ea1.png,Tomato,Late_blight,31,train
/app/imagenes/3033d9f0-53a6-3857-a6a3-aed6f80936d9.png,Tomato,Late_blight,31,train
/app/imagenes/9b5d5afc-be2b-3968-9754-0897f4de6b36.png,Tomato,Late_blight,31,train
/app/imagenes/66ba88ba-222b-3ad1-8a89-3d111430ae7e.png,Tomato,Late_blight,31,train
/app/imagenes/c2b3fd1f-e514-3c9f-925e-6e857ba19e86.png,Tomato,Late_blight,31,train
/app/imagenes/aaae1e27-5d47-3cb5-b02b-198b574e0f4f.png,Tomato,Late_blight,31,train
/app/imagenes/387e317a-3b49-3184-97e0-48638ee5f243.png,Tomato,Late_blight,31,train
/app/imagenes/b2f5fd88-8a05-393e-988f-bb4aa1fdd557.png,Tomato,Late_blight,31,train
/app/imagenes/252ce3ee-cc09-329e-a257-bf9b11ef284e.png,Tomato,Late_blight,31,train
/app/imagenes/cb8f9084-34ad-3bc8-80a9-180833517ee8.png,Tomato,Late_blight,31,train
/app/imagenes/da57aadf-f39e-3a44-919b-f3b3ec0f934e.png,Tomato,Late_blight,31,train
/app/imagenes/cac4497c-68c6-3ecc-9af4-3b167ba7f642.png,Tomato,Late_blight,31,train
/app/imagenes/c8b77eb3-0f42-3b40-a9b6-8b3e205f0b95.png,Tomato,Late_blight,31,train
/app/imagenes/fda6b151-3729-3151-a60d-9ed413a20bf1.png,Tomato,Late_blight,31,train
/app/imagenes/e6ca6255-ca25-3f6e-a727-6c580b42525c.png,Tomato,Late_blight,31,train
/app/imagenes/e1388082-c0ff-3da5-90ca-a8c20cf1cf7f.png,Tomato,Late_blight,31,train
/app/imagenes/e7ace33c-ab49-39d9-8c74-1e6a0882f18c.png,Tomato,Late_blight,31,train
/app/imagenes/6abffd05-e2aa-3420-9e73-28169c6e4bb7.png,Tomato,Late_blight,31,train
/app/imagenes/bcbc53b1-874c-3d0e-b6fa-8883bde70426.png,Tomato,Late_blight,31,train
/app/imagenes/4d2bfa80-5b4a-37b1-84c4-1e645759f612.png,Tomato,Late_blight,31,train
/app/imagenes/2293ad68-e8f6-3a9c-8601-2ed172e55753.png,Tomato,Late_blight,31,train
/app/imagenes/4df6301c-824d-30ba-91e2-55281af098e9.png,Tomato,Late_blight,31,train
/app/imagenes/208dfc70-db26-317d-a337-e72ae5c15662.png,Tomato,Late_blight,31,train
/app/imagenes/2bf75d6d-550d-3ef4-b643-6fba8ed31d3e.png,Tomato,Late_blight,31,train
/app/imagenes/7b867672-7a4b-3738-b8d2-d543a61bb640.png,Tomato,Late_blight,31,train
/app/imagenes/1c98eb2a-6244-3bfb-b27d-9a947a5791a8.png,Tomato,Late_blight,31,train
/app/imagenes/087104f3-17bb-38bb-81c4-0fc97b57d7cc.png,Tomato,Late_blight,31,train
/app/imagenes/5f22098c-25fb-3627-944e-7f120e6e41b8.png,Tomato,Late_blight,31,train
/app/imagenes/12ffadda-a1ce-37b0-87af-b892ef3fca0d.png,Tomato,Late_blight,31,train
/app/imagenes/9cc92f34-0c8d-3015-80ab-3d0b79743b38.png,Tomato,Leaf_Mold,32,train
/app/imagenes/d3f4b6cc-869f-3b30-b88f-82df4298068e.png,Tomato,Leaf_Mold,32,train
/app/imagenes/99d4aa85-9bff-3e0a-8072-aff4c7795091.png,Tomato,Leaf_Mold,32,train
/app/imagenes/3c127923-d299-3440-a705-216bed46d7ff.png,Tomato,Leaf_Mold,32,train
/app/imagenes/bdf4561d-6573-3a48-b0c9-ed78fb63e45e.png,Tomato,Leaf_Mold,32,train
/app/imagenes/4a2f8f14-c385-3170-872b-30dba2eed244.png,Tomato,Leaf_Mold,32,train
/app/imagenes/eb2248fe-c8b0-3a57-8b9a-859f59f76939.png,Tomato,Leaf_Mold,32,train
/app/imagenes/2996453e-49b3-3c83-a968-92389bf5c458.png,Tomato,Leaf_Mold,32,train
/app/imagenes/124978e4-6738-3546-ac73-b1c5933a2f5a.png,Tomato,Leaf_Mold,32,train
/app/imagenes/c9930f8f-16bd-3fa9-bd5c-03b3d3f0c815.png,Tomato,Leaf_Mold,32,train
/app/imagenes/79202321-0151-3e91-a5f7-14ce47dba772.png,Tomato,Leaf_Mold,32,train
/app/imagenes/589e276d-de20-3013-b319-120d66e58ed7.png,Tomato,Leaf_Mold,32,train
/app/imagenes/d8ba1686-a78d-3ae2-90ef-d36cdf700125.png,Tomato,Leaf_Mold,32,train
/app/imagenes/1a5b0737-259a-39da-9fbc-62c406342793.png,Tomato,Leaf_Mold,32,train
/app/imagenes/86dedaab-09b7-38b0-b654-a53d66833eff.png,Tomato,Leaf_Mold,32,train
/app/imagenes/5b04f8d7-134a-3f35-a59e-24c9e6b3bd6f.png,Tomato,Leaf_Mold,32,train
/app/imagenes/ca24d088-62c5-3fce-81d2-f8bb24850226.png,Tomato,Leaf_Mold,32,train
/app/imagenes/fff9de12-d037-38be-8878-91bc1e1c7395.png,Tomato,Leaf_Mold,32,train
/app/imagenes/04d310d6-ca11-3966-8264-cbc651adf853.png,Tomato,Leaf_Mold,32,train
/app/imagenes/ef26aaa0-44c4-34cc-bce5-5f37a62df201.png,Tomato,Leaf_Mold,32,train
/app/imagenes/071629d7-4d17-3d88-bde6-acd73e0ce7b4.png,Tomato,Leaf_Mold,32,train
/app/imagenes/81db37b9-9390-351d-b22d-e5166c014841.png,Tomato,Leaf_Mold,32,train
/app/imagenes/8d61fadd-3f3f-39ac-8236-9996f3b2852f.png,Tomato,Leaf_Mold,32,train
/app/imagenes/67c9ad10-30a3-339a-81d7-12e66c57cf81.png,Tomato,Leaf_Mold,32,train
/app/imagenes/9d72c231-af81-344d-8a06-91d3c7f595bb.png,Tomato,Leaf_Mold,32,train
/app/imagenes/d63ee2f5-a7dd-3049-bb88-ef62caa57f29.png,Tomato,Leaf_Mold,32,train
/app/imagenes/6bb64f28-c01b-3de6-a8cc-26978f45c9a7.png,Tomato,Leaf_Mold,32,train
/app/imagenes/77401145-38b9-3968-9a9d-ab0972ecf234.png,Tomato,Leaf_Mold,32,train
/app/imagenes/9648491f-e670-3ed5-b4be-4f643a804048.png,Tomato,Leaf_Mold,32,train
/app/imagenes/34a7dcb5-019e-3111-82af-8ca5f71f7890.png,Tomato,Leaf_Mold,32,train
/app/imagenes/16b2ace4-9b7a-3c47-bf91-c22c3256cf4c.png,Tomato,Leaf_Mold,32,train
/app/imagenes/026184b3-c622-3a62-86bc-9ff21313be8e.png,Tomato,Leaf_Mold,32,train
/app/imagenes/5c8bab32-b4c6-3685-a6ea-c9b6fd137848.png,Tomato,Leaf_Mold,32,train
/app/imagenes/61c9bba0-33e4-32b8-af3d-5d0b6b375e07.png,Tomato,Leaf_Mold,32,train
/app/imagenes/aa78447c-97bd-3b49-9747-192d170520cf.png,Tomato,Leaf_Mold,32,train
/app/imagenes/191ac991-2464-3323-8655-a51bd7ae73b6.png,Tomato,Leaf_Mold,32,train
/app/imagenes/fe55653e-8aac-3953-b24b-71f441ed083a.png,Tomato,Leaf_Mold,32,train
/app/imagenes/e60833dd-e436-3924-86ac-457098ac4d83.png,Tomato,Leaf_Mold,32,train
/app/imagenes/12db6aad-1359-35d2-9384-4cc649d3aa9a.png,Tomato,Leaf_Mold,32,train
/app/imagenes/49155904-252e-3a03-8dd8-46b6d6cec177.png,Tomato,Leaf_Mold,32,train
/app/imagenes/69cbaffc-edb8-302d-b4c5-9b69300f14b1.png,Tomato,Leaf_Mold,32,train
/app/imagenes/1c874e26-807d-391b-9bd0-4c9be7461c5c.png,Tomato,Leaf_Mold,32,train
/app/imagenes/e64c0011-961e-37d8-9986-0c694c84adc5.png,Tomato,Leaf_Mold,32,train
/app/imagenes/c956ba3e-44cc-33d2-b69b-d0e06424aba5.png,Tomato,Leaf_Mold,32,train
/app/imagenes/b7a48851-a274-3ef6-aeb1-95b6188c4ffc.png,Tomato,Leaf_Mold,32,train
/app/imagenes/4ae2383a-375b-3c6b-bda2-11ffb877a21a.png,Tomato,Leaf_Mold,32,train
/app/imagenes/d8146d74-9c1d-3ffa-8bd7-08fc9c8edd8a.png,Tomato,Leaf_Mold,32,train
/app/imagenes/488fb72d-95ed-3355-bc86-632e715d5cf1.png,Tomato,Leaf_Mold,32,train
/app/imagenes/2ef17601-dff9-37f7-bd73-92a560655108.png,Tomato,Leaf_Mold,32,train
/app/imagenes/83194558-e66e-3a55-83dc-f32bc51b512f.png,Tomato,Leaf_Mold,32,train
/app/imagenes/00a2eb02-7618-3801-81c7-9e7312b396ae.png,Tomato,Leaf_Mold,32,train
/app/imagenes/94c3619c-cbde-3d61-9f50-8acd1a035cc3.png,Tomato,Leaf_Mold,32,train
/app/imagenes/ea4e4803-1b9c-3c7e-bcc6-f22f71c86e0c.png,Tomato,Leaf_Mold,32,train
/app/imagenes/df398fe1-6447-335e-b249-615f16f431f6.png,Tomato,Leaf_Mold,32,train
/app/imagenes/b88d6c8d-73e8-3df3-b6ec-72ee1b2d6e5c.png,Tomato,Leaf_Mold,32,train
/app/imagenes/8a403378-5010-3520-9326-ccbfc2258a1c.png,Tomato,Leaf_Mold,32,train
/app/imagenes/1341d134-f9c8-389a-b68f-de008e24014a.png,Tomato,Leaf_Mold,32,train
/app/imagenes/4c9e2097-df90-3f40-b3e2-278f718d94f9.png,Tomato,Leaf_Mold,32,train
/app/imagenes/2cbffedc-2c95-32af-b91a-f4010f9338d8.png,Tomato,Leaf_Mold,32,train
/app/imagenes/118ca004-fcbe-3188-8da6-d819d3268e8b.png,Tomato,Leaf_Mold,32,train
/app/imagenes/7708b0a7-2b6a-391a-b7e7-9871a6131281.png,Tomato,Leaf_Mold,32,train
/app/imagenes/ecaa8b1e-3853-32b0-9e5b-73ff9ae80a8f.png,Tomato,Leaf_Mold,32,train
/app/imagenes/248cb38e-c0aa-32b7-bf90-4b8fed5efa6e.png,Tomato,Leaf_Mold,32,train
/app/imagenes/40db93fb-cf28-3c36-99fe-dcc05eee256c.png,Tomato,Leaf_Mold,32,train
/app/imagenes/99a91189-4032-374f-b99d-d7c2f82c1b5f.png,Tomato,Leaf_Mold,32,train
/app/imagenes/7145fca9-6442-34a6-a5c1-0bc87fb09797.png,Tomato,Leaf_Mold,32,train
/app/imagenes/34d64762-a5af-3d99-854a-c53418005a75.png,Tomato,Leaf_Mold,32,train
/app/imagenes/490cb2bf-ac0a-3c78-b2bd-e4df395562ee.png,Tomato,Leaf_Mold,32,train
/app/imagenes/dcf7b7a2-6307-3ab6-9916-421773a7de3a.png,Tomato,Leaf_Mold,32,train
/app/imagenes/ff539a9f-4129-3ba9-b094-e42b6c109dd8.png,Tomato,Leaf_Mold,32,train
/app/imagenes/4a36873b-dc29-3231-b4f3-d9b77cc67c66.png,Tomato,Septoria_leaf_spot,33,train
/app/imagenes/af45b707-a7e1-3bae-bab4-bc723244a8c1.png,Tomato,Septoria_leaf_spot,33,train
/app/imagenes/363ca441-2dd6-3fa8-93ed-dc667095421e.png,Tomato,Septoria_leaf_spot,33,train
/app/imagenes/0e235a1d-a2bd-311a-8be2-00d6afd0e793.png,Tomato,Septoria_leaf_spot,33,train
/app/imagenes/d8149c06-3c5a-31b9-9efc-5b717ff1c22d.png,Tomato,Septoria_leaf_spot,33,train
/app/imagenes/ed4e5e23-79a5-38f0-9247-5ba2a7a4d26a.png,Tomato,Septoria_leaf_spot,33,train
/app/imagenes/eeb0c311-544c-38be-a943-f50bda28c477.png,Tomato,Septoria_leaf_spot,33,train
/app/imagenes/85813a39-fefe-3550-b5f0-1ddd8b5006d6.png,Tomato,Septoria_leaf_spot,33,train
/app/imagenes/2277b584-5dc2-3fdf-a38f-ee1d4b92b475.png,Tomato,Septoria_leaf_spot,33,train
/app/imagenes/75d7d45f-734d-3d5a-939d-7a3532b7b497.png,Tomato,Septoria_leaf_spot,33,train
/app/imagenes/06f0524c-5a0f-3bcb-b96c-382125a35b46.png,Tomato,Septoria_leaf_spot,33,train
/app/imagenes/7bf121a9-aabd-37e7-921d-719c5f6b7f64.png,Tomato,Septoria_leaf_spot,33,train
/app/imagenes/25b56659-86eb-30f7-8735-fbe84286074c.png,Tomato,Septoria_leaf_spot,33,train
/app/imagenes/24e4d7d5-2ff6-3771-ae41-c42977419299.png,Tomato,Septoria_leaf_spot,33,train
/app/imagenes/22572541-8623-381b-85d0-4c0668412610.png,Tomato,Septoria_leaf_spot,33,train
/app/imagenes/c865353e-e3bf-3fb5-a7eb-ff6687904c81.png,Tomato,Septoria_leaf_spot,33,train
/app/imagenes/4e993117-6e83-3dd7-bf4c-9df3360586a0.png,Tomato,Septoria_leaf_spot,33,train
/app/imagenes/6e01baae-3204-36f6-9ebb-82c1fde654f1.png,Tomato,Septoria_leaf_spot,33,train
/app/imagenes/578da1d5-0d9b-3d11-bb13-0a02e8c6d711.png,Tomato,Septoria_leaf_spot,33,train
/app/imagenes/093f06ad-8368-3d03-be6f-d38915743eb1.png,Tomato,Septoria_leaf_spot,33,train
/app/imagenes/b5c94d7a-24a2-36bf-a466-182488d68d36.png,Tomato,Septoria_leaf_spot,33,train
/app/imagenes/e8dff8d2-9561-3ff4-81b3-78853714b96f.png,Tomato,Septoria_leaf_spot,33,train
/app/imagenes/e945d1ea-fc69-33ce-8e89-a171ef50e273.png,Tomato,Septoria_leaf_spot,33,train
/app/imagenes/8dca99db-9485-3b5c-b2af-d9501c861970.png,Tomato,Septoria_leaf_spot,33,train
/app/imagenes/581a5063-294f-3621-b7ce-48832b26c12c.png,Tomato,Septoria_leaf_spot,33,train
/app/imagenes/ed643d80-84c3-3d00-beda-b07f4bae9cb4.png,Tomato,Septoria_leaf_spot,33,train
/app/imagenes/33fe9d78-bdbe-3d61-bf6c-da654d404d1a.png,Tomato,Septoria_leaf_spot,33,train
/app/imagenes/aa9b2b82-98f7-38cb-aceb-219e26aa3ac5.png,Tomato,Septoria_leaf_spot,33,train
/app/imagenes/2f3748ab-d7f4-3b5a-ab8c-7e1ec5a76046.png,Tomato,Septoria_leaf_spot,33,train
/app/imagenes/dc3bb84a-97f4-3dcd-87d6-cf2740608f46.png,Tomato,Septoria_leaf_spot,33,train
/app/imagenes/011c193e-e17a-38a4-82af-c950f01a099a.png,Tomato,Septoria_leaf_spot,33,train
/app/imagenes/3432cbfa-7113-3fa5-bf36-03e90482fd32.png,Tomato,Septoria_leaf_spot,33,train
/app/imagenes/474efbe2-0b4b-37e0-bf62-9711681c0577.png,Tomato,Septoria_leaf_spot,33,train
/app/imagenes/82df3a8b-4f6a-39ea-b21a-ba74a6a1660f.png,Tomato,Septoria_leaf_spot,33,train
/app/imagenes/43c90609-4b88-3fed-a28d-8211c4b2496c.png,Tomato,Septoria_leaf_spot,33,train
/app/imagenes/519bd80a-d99b-3be0-bcfa-0c8d4f4d71cf.png,Tomato,Septoria_leaf_spot,33,train
/app/imagenes/60531545-e6d4-3d92-a08a-09d6e5f80afb.png,Tomato,Septoria_leaf_spot,33,train
/app/imagenes/74f7a83e-6956-3c99-8278-b12812119aee.png,Tomato,Septoria_leaf_spot,33,train
/app/imagenes/b122503d-8cb0-3bbf-950c-dbf93ef677d4.png,Tomato,Septoria_leaf_spot,33,train
/app/imagenes/0f0e2d42-e53c-3c41-b920-160af8b7fb7a.png,Tomato,Septoria_leaf_spot,33,train
/app/imagenes/b8386357-7019-3638-9e2b-b8d8af03ae1f.png,Tomato,Septoria_leaf_spot,33,train
/app/imagenes/49063103-051b-3adb-9938-aa864e8bcbee.png,Tomato,Septoria_leaf_spot,33,train
/app/imagenes/2c34721c-72b4-3b2d-b577-622df8d8e849.png,Tomato,Septoria_leaf_spot,33,train
/app/imagenes/bd154c03-b3ac-3113-98fc-f561c744f79b.png,Tomato,Septoria_leaf_spot,33,train
/app/imagenes/de91a7e7-5392-3142-8cdd-8f27a568b4a8.png,Tomato,Septoria_leaf_spot,33,train
/app/imagenes/b051bdfc-bac2-38c3-be33-dc2331de0729.png,Tomato,Septoria_leaf_spot,33,train
/app/imagenes/4a224523-5bd7-3d88-913e-eb5335e1dc4d.png,Tomato,Septoria_leaf_spot,33,train
/app/imagenes/cd8228cf-c261-3c83-a901-c886a62b35eb.png,Tomato,Septoria_leaf_spot,33,train
/app/imagenes/bca094f9-c19f-3020-a9a8-639fba25fc5b.png,Tomato,Septoria_leaf_spot,33,train
/app/imagenes/df78f7b5-74e1-3f1b-bf6f-9edb763cf6de.png,Tomato,Septoria_leaf_spot,33,train
/app/imagenes/d126a051-2873-3df7-b784-830eded85351.png,Tomato,Septoria_leaf_spot,33,train
/app/imagenes/bebb67ac-df87-3676-9700-028834fd4d07.png,Tomato,Septoria_leaf_spot,33,train
/app/imagenes/254c337e-4183-3f11-b176-7c8261fab4c1.png,Tomato,Septoria_leaf_spot,33,train
/app/imagenes/898a958c-940b-3bb5-8bc6-fe66c69bf110.png,Tomato,Septoria_leaf_spot,33,train
/app/imagenes/8c152413-2be4-3c9a-b24e-985616f8ee78.png,Tomato,Septoria_leaf_spot,33,train
/app/imagenes/f6869caa-cc81-3dae-99d4-60c44eb217eb.png,Tomato,Septoria_leaf_spot,33,train
/app/imagenes/43ddb4dd-fd1e-359d-b64f-12190c035f98.png,Tomato,Septoria_leaf_spot,33,train
/app/imagenes/11c1a888-cca4-3189-b6c3-cee1a73e47bb.png,Tomato,Septoria_leaf_spot,33,train
/app/imagenes/b8f8f71a-ac21-397a-9d2a-36f513ed4fe7.png,Tomato,Septoria_leaf_spot,33,train
/app/imagenes/165e869c-b6f1-3078-8dfe-42051b321165.png,Tomato,Septoria_leaf_spot,33,train
/app/imagenes/5852744c-2793-37dd-8fef-8136633f52e2.png,Tomato,Septoria_leaf_spot,33,train
/app/imagenes/865eee15-5b61-33c1-937d-817381452d96.png,Tomato,Septoria_leaf_spot,33,train
/app/imagenes/f3436b03-6c2b-353e-8bfd-3d22e4278a77.png,Tomato,Septoria_leaf_spot,33,train
/app/imagenes/6ef8916e-3f05-3281-8774-b4aea6a54e58.png,Tomato,Septoria_leaf_spot,33,train
/app/imagenes/eb012b08-43cc-3286-af41-02faf8f463e2.png,Tomato,Septoria_leaf_spot,33,train
/app/imagenes/7b20e14e-94d2-3b71-89ba-8a72b4a6c83b.png,Tomato,Septoria_leaf_spot,33,train
/app/imagenes/c3afbcd7-ea7b-3630-996b-daa45e69aef5.png,Tomato,Septoria_leaf_spot,33,train
/app/imagenes/44909735-3952-3c61-84b3-5fbcf0605fdc.png,Tomato,Septoria_leaf_spot,33,train
/app/imagenes/75b5f997-c30f-3e97-9618-02947df753f9.png,Tomato,Septoria_leaf_spot,33,train
/app/imagenes/1e8d7a1c-7822-3502-9c71-06b4ca39d022.png,Tomato,Septoria_leaf_spot,33,train
/app/imagenes/91034c53-6ee8-3792-a456-93c1d8cc4253.png,Tomato,Spider_mites_Two-spotted_spider_mite,34,train
/app/imagenes/04cc9781-d13f-3fb5-b573-518044af9496.png,Tomato,Spider_mites_Two-spotted_spider_mite,34,train
/app/imagenes/562823a2-0d1e-3e1f-b1bf-c9656e063239.png,Tomato,Spider_mites_Two-spotted_spider_mite,34,train
/app/imagenes/150ab0f9-6656-341a-b868-075a4e67d8d8.png,Tomato,Spider_mites_Two-spotted_spider_mite,34,train
/app/imagenes/5047b8fb-4433-31ab-a964-5b7c98e9b2c6.png,Tomato,Spider_mites_Two-spotted_spider_mite,34,train
/app/imagenes/a381f407-a06e-3c42-9432-c5c2c92daf57.png,Tomato,Spider_mites_Two-spotted_spider_mite,34,train
/app/imagenes/4e0b67ec-d2b8-31c8-8dea-814af1de9e40.png,Tomato,Spider_mites_Two-spotted_spider_mite,34,train
/app/imagenes/95d38f11-65d8-39b0-9ed8-39b034dfb004.png,Tomato,Spider_mites_Two-spotted_spider_mite,34,train
/app/imagenes/26500d28-0cf5-36d1-bd32-80f1949f0d9c.png,Tomato,Spider_mites_Two-spotted_spider_mite,34,train
/app/imagenes/6ba28759-a506-3635-a990-03e865802d4a.png,Tomato,Spider_mites_Two-spotted_spider_mite,34,train
/app/imagenes/741a98a6-28f6-39c1-a7c2-6d833398e5a7.png,Tomato,Spider_mites_Two-spotted_spider_mite,34,train
/app/imagenes/516ec540-9cb4-346e-abb9-88a1d0fc4477.png,Tomato,Spider_mites_Two-spotted_spider_mite,34,train
/app/imagenes/8aec04b8-d23b-3846-96ac-163998972e28.png,Tomato,Spider_mites_Two-spotted_spider_mite,34,train
/app/imagenes/62e1f1e1-dd37-3117-a6a9-69f1e8fff8ad.png,Tomato,Spider_mites_Two-spotted_spider_mite,34,train
/app/imagenes/0bcfcd27-162f-3a38-8e66-e186e6714c1b.png,Tomato,Spider_mites_Two-spotted_spider_mite,34,train
/app/imagenes/7d372b14-eb53-3eb6-9e9c-9dbcbe357742.png,Tomato,Spider_mites_Two-spotted_spider_mite,34,train
/app/imagenes/16cce93e-2277-32b6-aef1-b2cd722851d7.png,Tomato,Spider_mites_Two-spotted_spider_mite,34,train
/app/imagenes/7426da29-5350-3f3a-be61-58ebe260721b.png,Tomato,Spider_mites_Two-spotted_spider_mite,34,train
/app/imagenes/4ec60542-d970-330b-9781-143f3eeab110.png,Tomato,Spider_mites_Two-spotted_spider_mite,34,train
/app/imagenes/24a31934-50fc-30e9-9c7f-225e402f69f2.png,Tomato,Spider_mites_Two-spotted_spider_mite,34,train
/app/imagenes/3c7ab96b-3c33-3bd2-98bf-aeebf707ed68.png,Tomato,Spider_mites_Two-spotted_spider_mite,34,train
/app/imagenes/171e48c9-b223-3765-aa0b-6a91a58042a8.png,Tomato,Spider_mites_Two-spotted_spider_mite,34,train
/app/imagenes/aaf0f61c-707f-3625-a54d-92f729d64746.png,Tomato,Spider_mites_Two-spotted_spider_mite,34,train
/app/imagenes/86e03b6b-0518-3694-b2cb-4c73bd3d97c8.png,Tomato,Spider_mites_Two-spotted_spider_mite,34,train
/app/imagenes/a386c25a-eb26-3a02-91f8-dabe21ed2fa5.png,Tomato,Spider_mites_Two-spotted_spider_mite,34,train
/app/imagenes/af7eb87d-c522-30a3-8ba9-cf6974595f49.png,Tomato,Spider_mites_Two-spotted_spider_mite,34,train
/app/imagenes/445aa957-b4a2-3fd8-83b7-12c4ea44524c.png,Tomato,Spider_mites_Two-spotted_spider_mite,34,train
/app/imagenes/a0e38b43-4743-3ab7-9b7b-ad62dcb894d8.png,Tomato,Spider_mites_Two-spotted_spider_mite,34,train
/app/imagenes/87512ec9-fb5c-39ca-b2e1-6516c337352e.png,Tomato,Spider_mites_Two-spotted_spider_mite,34,train
/app/imagenes/4f80a041-a048-3834-bd72-e7be17365f1b.png,Tomato,Spider_mites_Two-spotted_spider_mite,34,train
/app/imagenes/d34d4b8b-8b09-317f-9e86-e9bda6a5a5e5.png,Tomato,Spider_mites_Two-spotted_spider_mite,34,train
/app/imagenes/5ce2aee5-61a2-3204-b3c6-2bd8d803a860.png,Tomato,Spider_mites_Two-spotted_spider_mite,34,train
/app/imagenes/da15fdb6-1a5c-3dea-a714-2572879369a9.png,Tomato,Spider_mites_Two-spotted_spider_mite,34,train
/app/imagenes/82c14656-b13e-33cc-b7d2-0e7564c4bd7f.png,Tomato,Spider_mites_Two-spotted_spider_mite,34,train
/app/imagenes/9adbab2c-5066-37e5-b49c-b7e1de0e0cff.png,Tomato,Spider_mites_Two-spotted_spider_mite,34,train
/app/imagenes/aa4563b3-2766-3976-b601-fec4d926c689.png,Tomato,Spider_mites_Two-spotted_spider_mite,34,train
/app/imagenes/cb30d443-550b-319d-bad5-968e91158138.png,Tomato,Spider_mites_Two-spotted_spider_mite,34,train
/app/imagenes/2368ec02-1f8c-3075-a7a4-3c366aa05f39.png,Tomato,Spider_mites_Two-spotted_spider_mite,34,train
/app/imagenes/78d64bc1-3905-3fe7-819f-c3e03d0cd19a.png,Tomato,Spider_mites_Two-spotted_spider_mite,34,train
/app/imagenes/fb37fcea-7e31-39ba-ad82-c509cc119e6d.png,Tomato,Spider_mites_Two-spotted_spider_mite,34,train
/app/imagenes/eae99986-2540-3fa0-8778-97b14be5f5df.png,Tomato,Spider_mites_Two-spotted_spider_mite,34,train
/app/imagenes/de59df66-7efd-3317-a377-f156b590b9ff.png,Tomato,Spider_mites_Two-spotted_spider_mite,34,train
/app/imagenes/3b9687b1-5e1f-3afd-8437-78b8619c2de5.png,Tomato,Spider_mites_Two-spotted_spider_mite,34,train
/app/imagenes/e7d60d03-6327-39f6-ac63-d1c1b85e0764.png,Tomato,Spider_mites_Two-spotted_spider_mite,34,train
/app/imagenes/5c9890f2-3859-37e7-9ec2-8097e0b380c6.png,Tomato,Spider_mites_Two-spotted_spider_mite,34,train
/app/imagenes/ee8e00cc-c71e-3823-ad91-801fb95a58d3.png,Tomato,Spider_mites_Two-spotted_spider_mite,34,train
/app/imagenes/ceb96db4-e584-38be-bb95-f74e4852f923.png,Tomato,Spider_mites_Two-spotted_spider_mite,34,train
/app/imagenes/34e8766f-2f1f-388d-89f3-ef931c34500a.png,Tomato,Spider_mites_Two-spotted_spider_mite,34,train
/app/imagenes/ce2dc3a7-045a-33d2-a816-464e3c1dfc26.png,Tomato,Spider_mites_Two-spotted_spider_mite,34,train
/app/imagenes/622bddc3-2cdd-37fe-a949-1db73020f3a7.png,Tomato,Spider_mites_Two-spotted_spider_mite,34,train
/app/imagenes/253818a2-a8f2-36b0-875c-2a89239f59d2.png,Tomato,Spider_mites_Two-spotted_spider_mite,34,train
/app/imagenes/0774355f-0c9d-3c01-877b-2c1fbd4b9b51.png,Tomato,Spider_mites_Two-spotted_spider_mite,34,train
/app/imagenes/456602c8-10d3-380e-9136-4876f9531e1e.png,Tomato,Spider_mites_Two-spotted_spider_mite,34,train
/app/imagenes/316144c2-6e89-3c59-884b-a9f46b53a759.png,Tomato,Spider_mites_Two-spotted_spider_mite,34,train
/app/imagenes/ce61a790-ffb5-32f4-a56a-749cecec36ce.png,Tomato,Spider_mites_Two-spotted_spider_mite,34,train
/app/imagenes/b3c804b8-89b1-3988-8a19-c8e2fbe4bb7e.png,Tomato,Spider_mites_Two-spotted_spider_mite,34,train
/app/imagenes/73da8aad-5c5b-341d-859a-a4c265fade9e.png,Tomato,Spider_mites_Two-spotted_spider_mite,34,train
/app/imagenes/f1ca2e72-da01-3636-b4bf-ec759196f438.png,Tomato,Spider_mites_Two-spotted_spider_mite,34,train
/app/imagenes/1e4d8e95-15e5-3262-9626-4da3c908940d.png,Tomato,Spider_mites_Two-spotted_spider_mite,34,train
/app/imagenes/6ff2a486-44e0-3e1a-85ff-b7cad3c7f094.png,Tomato,Spider_mites_Two-spotted_spider_mite,34,train
/app/imagenes/f18234ad-54eb-39d7-a60c-7557b527174f.png,Tomato,Spider_mites_Two-spotted_spider_mite,34,train
/app/imagenes/459367dd-6ef7-3978-be93-0e39c5013114.png,Tomato,Spider_mites_Two-spotted_spider_mite,34,train
/app/imagenes/dcccfad7-6feb-3db8-96ae-55b16399b82c.png,Tomato,Spider_mites_Two-spotted_spider_mite,34,train
/app/imagenes/b12befda-ec11-37e8-97ae-c55a38b283ae.png,Tomato,Spider_mites_Two-spotted_spider_mite,34,train
/app/imagenes/805b7f7c-56f6-33dd-b155-d6df63194547.png,Tomato,Spider_mites_Two-spotted_spider_mite,34,train
/app/imagenes/6a7f78e1-1eea-3dde-8ced-b609e5884a37.png,Tomato,Spider_mites_Two-spotted_spider_mite,34,train
/app/imagenes/d1b603be-0f1c-35ad-8003-28b9f6372148.png,Tomato,Spider_mites_Two-spotted_spider_mite,34,train
/app/imagenes/2371dcac-1de1-31f0-8eaa-95acf0e0ea05.png,Tomato,Spider_mites_Two-spotted_spider_mite,34,train
/app/imagenes/aac6ab33-2916-34a6-8d31-17a4dd39b752.png,Tomato,Spider_mites_Two-spotted_spider_mite,34,train
/app/imagenes/a2e6163c-56fe-3057-ba5e-a39c32c8015a.png,Tomato,Spider_mites_Two-spotted_spider_mite,34,train
/app/imagenes/ede1f7fd-548a-3e0d-9243-4b85de7cd3e8.png,Tomato,Target_Spot,35,train
/app/imagenes/d1075526-4397-3d54-89b2-bfc1fe03b2c7.png,Tomato,Target_Spot,35,train
/app/imagenes/75de18e1-37b8-33c5-afa6-a2645d305a7e.png,Tomato,Target_Spot,35,train
/app/imagenes/1e7fda4c-d4bd-3a3f-9202-90eb9381a229.png,Tomato,Target_Spot,35,train
/app/imagenes/548bfeae-9bc6-38bf-95a6-4852b184b458.png,Tomato,Target_Spot,35,train
/app/imagenes/f5d35128-e38a-34e7-959f-eaeef6dd26e6.png,Tomato,Target_Spot,35,train
/app/imagenes/1ca1de85-6c14-393c-8648-5059dadbb407.png,Tomato,Target_Spot,35,train
/app/imagenes/40887d07-6fb0-301f-a7ca-4e7a79098016.png,Tomato,Target_Spot,35,train
/app/imagenes/18b44e84-0108-35e7-83f3-06b99ef4f404.png,Tomato,Target_Spot,35,train
/app/imagenes/a51e511a-9b74-35f8-a21c-48c57fffe489.png,Tomato,Target_Spot,35,train
/app/imagenes/1b589d08-2f61-3b0b-93b3-73a320da7c28.png,Tomato,Target_Spot,35,train
/app/imagenes/0eaee1e2-b25d-3d2d-b5cd-9f870de9704c.png,Tomato,Target_Spot,35,train
/app/imagenes/3da06b6a-d991-35f1-8f96-2dc18152286f.png,Tomato,Target_Spot,35,train
/app/imagenes/959692fb-f394-3406-9979-2aa83272463b.png,Tomato,Target_Spot,35,train
/app/imagenes/8975d384-6470-32ea-8115-f226ab13b517.png,Tomato,Target_Spot,35,train
/app/imagenes/343f16c0-ce3a-32ab-881e-3da895ed3dc5.png,Tomato,Target_Spot,35,train
/app/imagenes/c83c64b3-39da-3622-97ea-0e48371b24a6.png,Tomato,Target_Spot,35,train
/app/imagenes/804cb830-aefe-3dfd-ba96-d2401ac6f3cb.png,Tomato,Target_Spot,35,train
/app/imagenes/e4a69016-35e5-3049-85d9-ddcfee206419.png,Tomato,Target_Spot,35,train
/app/imagenes/32de5dd1-c979-3698-8dbe-b7d34c2dc424.png,Tomato,Target_Spot,35,train
/app/imagenes/8ad87b27-529a-3e70-8286-9ee2958a117f.png,Tomato,Target_Spot,35,train
/app/imagenes/11a1c4fa-b87f-3d26-89f5-2dc51bce1b4f.png,Tomato,Target_Spot,35,train
/app/imagenes/1eba7b5c-5ada-31bd-adc2-93db613847c4.png,Tomato,Target_Spot,35,train
/app/imagenes/780c60bb-db06-33b2-a072-34d973c80597.png,Tomato,Target_Spot,35,train
/app/imagenes/3906fe44-c55a-3cc5-a0fe-5b12f713611c.png,Tomato,Target_Spot,35,train
/app/imagenes/a60c71bf-7665-372a-ac23-a816370a8b21.png,Tomato,Target_Spot,35,train
/app/imagenes/c0cb37f6-c979-34b0-9dc8-03a1c6955199.png,Tomato,Target_Spot,35,train
/app/imagenes/69c5aa79-143e-3586-b1ad-f2fe48e77b14.png,Tomato,Target_Spot,35,train
/app/imagenes/9649ed87-4427-3dd5-bf1b-94e98064c1ef.png,Tomato,Target_Spot,35,train
/app/imagenes/ce9e2989-728e-3430-8c49-5e4aaf8b77ea.png,Tomato,Target_Spot,35,train
/app/imagenes/7ebf0bd5-230e-3d7a-bf31-706d83774b30.png,Tomato,Target_Spot,35,train
/app/imagenes/229fac9a-2584-3b31-bf9b-afbd86a22317.png,Tomato,Target_Spot,35,train
/app/imagenes/a16d8200-92fd-3b2d-bfa8-40d4f855ced6.png,Tomato,Target_Spot,35,train
/app/imagenes/208294a0-7459-3a26-b1ee-194b634aa91c.png,Tomato,Target_Spot,35,train
/app/imagenes/109fb76d-191d-32fb-8537-b61c2274af56.png,Tomato,Target_Spot,35,train
/app/imagenes/fd1577ce-de5d-3c35-8441-32e43772ddbe.png,Tomato,Target_Spot,35,train
/app/imagenes/d72cbcb6-de1a-34ba-8957-7fde98b181de.png,Tomato,Target_Spot,35,train
/app/imagenes/ac22ed97-7e1e-3f63-92ec-f1f59c9af4dd.png,Tomato,Target_Spot,35,train
/app/imagenes/b8889a1c-e04a-3648-aaa9-06a0b02fae01.png,Tomato,Target_Spot,35,train
/app/imagenes/1dcad1e4-5c38-304f-b5dc-4cbd51529d3c.png,Tomato,Target_Spot,35,train
/app/imagenes/78a59329-8bcf-38c1-8844-581f5ae3735d.png,Tomato,Target_Spot,35,train
/app/imagenes/624e6221-7df5-399c-b614-4ed7c73b1732.png,Tomato,Target_Spot,35,train
/app/imagenes/02eaaf32-9009-3b2e-9532-04c159207467.png,Tomato,Target_Spot,35,train
/app/imagenes/a9c16329-fe43-39bf-9166-713233914899.png,Tomato,Target_Spot,35,train
/app/imagenes/69e40ea7-65ec-35d5-a1b3-33bd53835eec.png,Tomato,Target_Spot,35,train
/app/imagenes/7aff7671-cd67-374c-9af3-32d4b16d05a1.png,Tomato,Target_Spot,35,train
/app/imagenes/623b30ce-00ca-369d-ae22-9c5df20a1f3d.png,Tomato,Target_Spot,35,train
/app/imagenes/90fa629d-b8c1-330a-82da-92c0761664e5.png,Tomato,Target_Spot,35,train
/app/imagenes/c236bc33-cef3-3120-a526-3ee2334c677b.png,Tomato,Target_Spot,35,train
/app/imagenes/9c38cfb8-48ac-3bfa-b196-dfb2cf6def46.png,Tomato,Target_Spot,35,train
/app/imagenes/f8be9ded-905b-3a74-ada8-fed83079ede3.png,Tomato,Target_Spot,35,train
/app/imagenes/13ccc168-5bda-3d24-813c-7d45f9cb5750.png,Tomato,Target_Spot,35,train
/app/imagenes/046c5e5d-bb43-3e33-b787-447acd16c8b3.png,Tomato,Target_Spot,35,train
/app/imagenes/bed09518-cc4d-3df6-b135-146c5026a87e.png,Tomato,Target_Spot,35,train
/app/imagenes/bfe7c5f0-1f67-3b55-8509-4e389efb2c5d.png,Tomato,Target_Spot,35,train
/app/imagenes/358e2604-5159-363c-971e-041f58e0bbb8.png,Tomato,Target_Spot,35,train
/app/imagenes/583ca031-43ea-3ddf-b32d-cb47c71692cc.png,Tomato,Target_Spot,35,train
/app/imagenes/7e0c92d5-5b9d-3801-824a-312839c42807.png,Tomato,Target_Spot,35,train
/app/imagenes/86e2a5de-40e0-33df-9054-8a89513f2449.png,Tomato,Target_Spot,35,train
/app/imagenes/3b8ba91e-1ab6-3a32-b35d-7d5c6dcdb6ad.png,Tomato,Target_Spot,35,train
/app/imagenes/57e27830-e18c-3689-b647-e87670cd638b.png,Tomato,Target_Spot,35,train
/app/imagenes/799e3963-452a-359c-a48c-fbb39c8acab0.png,Tomato,Target_Spot,35,train
/app/imagenes/0317c1b2-ab84-3ff0-a6f4-f72a7db7ec9e.png,Tomato,Target_Spot,35,train
/app/imagenes/3b49b613-700d-3289-9e3f-28eaa82988cf.png,Tomato,Target_Spot,35,train
/app/imagenes/c089a596-e77f-320a-8101-a358a9ba7a6c.png,Tomato,Target_Spot,35,train
/app/imagenes/bd2f5968-9c77-3b55-bb7d-5d0589942ae8.png,Tomato,Target_Spot,35,train
/app/imagenes/32626ade-3229-3afd-88d5-2d39cdd0ba85.png,Tomato,Target_Spot,35,train
/app/imagenes/ce989fea-90a5-36d0-95f8-d40d4694cf88.png,Tomato,Target_Spot,35,train
/app/imagenes/a8e44839-4cca-3954-9c72-611ad88b46be.png,Tomato,Target_Spot,35,train
/app/imagenes/31ab74b7-d70a-333f-8fd1-e1141eec4378.png,Tomato,Target_Spot,35,train
/app/imagenes/c54a4d1c-191a-3950-b9ba-09fd6e4386ef.png,Tomato,Tomato_mosaic_virus,36,train
/app/imagenes/473a57f4-6cbb-3a6e-958d-ca6e3306a4a6.png,Tomato,Tomato_mosaic_virus,36,train
/app/imagenes/af37fe72-32c2-328a-b656-13b3c36a7b5e.png,Tomato,Tomato_mosaic_virus,36,train
/app/imagenes/def27241-ab12-3380-a797-b91dec545418.png,Tomato,Tomato_mosaic_virus,36,train
/app/imagenes/ebde845c-6c22-3d86-94ea-eb33ba90c9bf.png,Tomato,Tomato_mosaic_virus,36,train
/app/imagenes/2bdab866-f93d-39b0-b434-7b0009227363.png,Tomato,Tomato_mosaic_virus,36,train
/app/imagenes/0e34434f-cff7-3cfe-b877-f5e66f2f7828.png,Tomato,Tomato_mosaic_virus,36,train
/app/imagenes/4d3627a7-c259-32aa-b2a2-ebe9e03f9695.png,Tomato,Tomato_mosaic_virus,36,train
/app/imagenes/3902e48e-cef3-3600-a8db-684bb809bf4a.png,Tomato,Tomato_mosaic_virus,36,train
/app/imagenes/e1ebf52a-a625-3b1c-bf1b-7d3f9f6f7ba5.png,Tomato,Tomato_mosaic_virus,36,train
/app/imagenes/d0967b38-27cc-311e-8bd4-89c69038e835.png,Tomato,Tomato_mosaic_virus,36,train
/app/imagenes/7077da2e-9286-3fc2-84db-fc75fd7142b6.png,Tomato,Tomato_mosaic_virus,36,train
/app/imagenes/cb615715-7c4a-30d8-b806-b61375131520.png,Tomato,Tomato_mosaic_virus,36,train
/app/imagenes/630a194a-0f2e-37e9-94d9-e106bd0451ca.png,Tomato,Tomato_mosaic_virus,36,train
/app/imagenes/f8e9df05-fed4-3db8-9a4b-957825c28e94.png,Tomato,Tomato_mosaic_virus,36,train
/app/imagenes/5768d3ea-9187-3add-aa08-c855f747c68a.png,Tomato,Tomato_mosaic_virus,36,train
/app/imagenes/343d06fc-8dde-32cf-8923-93a0fe49c0d4.png,Tomato,Tomato_mosaic_virus,36,train
/app/imagenes/3a605bfc-5292-390e-9687-d58b1d373723.png,Tomato,Tomato_mosaic_virus,36,train
/app/imagenes/b2c8f26e-693b-3fbe-aa77-e9769693c2df.png,Tomato,Tomato_mosaic_virus,36,train
/app/imagenes/ae4bfcde-24ae-38b8-b636-28350583a2e9.png,Tomato,Tomato_mosaic_virus,36,train
/app/imagenes/6708a852-4e08-3cb1-b4b7-3c20227fa88a.png,Tomato,Tomato_mosaic_virus,36,train
/app/imagenes/4ecc3871-5ba6-36f0-96a2-817a70f1f356.png,Tomato,Tomato_mosaic_virus,36,train
/app/imagenes/6adf573e-2b32-3122-be5c-1c55e5b2d50b.png,Tomato,Tomato_mosaic_virus,36,train
/app/imagenes/3d5542a2-6a23-34fd-8ff1-48f8330d9276.png,Tomato,Tomato_mosaic_virus,36,train
/app/imagenes/2dcbbd47-5cee-344a-9630-518ae453145b.png,Tomato,Tomato_mosaic_virus,36,train
/app/imagenes/02d13800-3491-3374-9acc-cd08df949148.png,Tomato,Tomato_mosaic_virus,36,train
/app/imagenes/b05f8e41-3292-3628-bcf3-64cf9b8008f5.png,Tomato,Tomato_mosaic_virus,36,train
/app/imagenes/edc42f85-2dea-33d6-b9aa-601772cfb79a.png,Tomato,Tomato_mosaic_virus,36,train
/app/imagenes/5ef56298-1111-3414-add0-d8d9ce1fe2f1.png,Tomato,Tomato_mosaic_virus,36,train
/app/imagenes/36d51504-fd0c-36b8-899b-9d57cdfcd8dc.png,Tomato,Tomato_mosaic_virus,36,train
/app/imagenes/25442a78-0b3a-3cf5-81c2-ac3a55ce5edd.png,Tomato,Tomato_mosaic_virus,36,train
/app/imagenes/f51319e1-bf56-312b-9745-9c05ebc0d3c5.png,Tomato,Tomato_mosaic_virus,36,train
/app/imagenes/bef979fc-3496-35cb-ae6e-419cd4fac236.png,Tomato,Tomato_mosaic_virus,36,train
/app/imagenes/4159ed60-2015-3063-a016-0c7942a64079.png,Tomato,Tomato_mosaic_virus,36,train
/app/imagenes/e4677402-9022-3336-8acd-8f1c89252a28.png,Tomato,Tomato_mosaic_virus,36,train
/app/imagenes/18abcb3f-fc0d-3219-a7d0-a99c1da7139a.png,Tomato,Tomato_mosaic_virus,36,train
/app/imagenes/271be998-f5de-3bb7-85e8-e4488f4e10b2.png,Tomato,Tomato_mosaic_virus,36,train
/app/imagenes/c582f435-e460-3a95-bebe-beefb317ccdb.png,Tomato,Tomato_mosaic_virus,36,train
/app/imagenes/16143113-1170-3e9a-9a4b-ee66a566a415.png,Tomato,Tomato_mosaic_virus,36,train
/app/imagenes/9a5b5405-607a-3588-aca5-86dfe2cbbe39.png,Tomato,Tomato_mosaic_virus,36,train
/app/imagenes/5fb83ce8-557e-3b36-ac40-e3039105921e.png,Tomato,Tomato_mosaic_virus,36,train
/app/imagenes/7717bc5f-d5d5-3330-8527-0209a0378589.png,Tomato,Tomato_mosaic_virus,36,train
/app/imagenes/7e823123-280b-3c7c-801f-1fc06db2e07b.png,Tomato,Tomato_mosaic_virus,36,train
/app/imagenes/43e2a8aa-1c9c-3a4f-96cc-90cfb5e8a389.png,Tomato,Tomato_mosaic_virus,36,train
/app/imagenes/619255e6-8571-3c9d-b8f3-0d30dac0553a.png,Tomato,Tomato_mosaic_virus,36,train
/app/imagenes/b87fcd28-829e-33d2-a44c-adff3b5e61b3.png,Tomato,Tomato_mosaic_virus,36,train
/app/imagenes/c80a4112-372c-3e62-abfe-6a8d3ab5ffee.png,Tomato,Tomato_mosaic_virus,36,train
/app/imagenes/ead346b2-46ad-36da-bcbd-c693628607b1.png,Tomato,Tomato_mosaic_virus,36,train
/app/imagenes/2417b968-38cd-3edc-a480-a3fb443cb3ca.png,Tomato,Tomato_mosaic_virus,36,train
/app/imagenes/9c3e7e44-b772-354c-ac16-4796f207969c.png,Tomato,Tomato_mosaic_virus,36,train
/app/imagenes/78e28e9d-39fe-36a6-af0d-ff3720c59183.png,Tomato,Tomato_mosaic_virus,36,train
/app/imagenes/43fa7b0a-0c27-30a8-aba3-224647202d3e.png,Tomato,Tomato_mosaic_virus,36,train
/app/imagenes/d6fa48e3-6e8f-3539-b997-0e80ffa6bcaf.png,Tomato,Tomato_mosaic_virus,36,train
/app/imagenes/6609bf4b-509e-3783-9ff0-0c428e5253ee.png,Tomato,Tomato_mosaic_virus,36,train
/app/imagenes/eebcfd41-8299-3451-ae30-1382ddbe9462.png,Tomato,Tomato_mosaic_virus,36,train
/app/imagenes/92da5cd7-1f6c-3ebd-a28e-31417efbff0f.png,Tomato,Tomato_mosaic_virus,36,train
/app/imagenes/dce0f6d3-bc25-3888-9335-3a9497c0bf42.png,Tomato,Tomato_mosaic_virus,36,train
/app/imagenes/2e413962-b0cc-3560-b8a3-222a550d9aad.png,Tomato,Tomato_mosaic_virus,36,train
/app/imagenes/d5ee3a9c-32ab-3abd-93f4-dc8923e5b61c.png,Tomato,Tomato_mosaic_virus,36,train
/app/imagenes/dd283b84-a22e-3559-b273-4e1f2abb95a8.png,Tomato,Tomato_mosaic_virus,36,train
/app/imagenes/f93d0e06-5fd6-3a04-b175-b13c124e4041.png,Tomato,Tomato_mosaic_virus,36,train
/app/imagenes/c1873c21-8ff8-32cf-8675-de7db82b1731.png,Tomato,Tomato_mosaic_virus,36,train
/app/imagenes/12cbab6f-e7bd-33a4-979f-e69d88d97677.png,Tomato,Tomato_mosaic_virus,36,train
/app/imagenes/d1ba5135-a35d-3266-b2d3-c20286918700.png,Tomato,Tomato_mosaic_virus,36,train
/app/imagenes/8d61b178-ab6e-3656-b406-b64c966f87bb.png,Tomato,Tomato_mosaic_virus,36,train
/app/imagenes/65254cb3-4d68-3412-92ee-f423447d5b38.png,Tomato,Tomato_mosaic_virus,36,train
/app/imagenes/40f222a3-3195-356e-bdb9-4e361bd187ec.png,Tomato,Tomato_mosaic_virus,36,train
/app/imagenes/edd0931c-a2b8-32b1-b22e-59363db656c9.png,Tomato,Tomato_mosaic_virus,36,train
/app/imagenes/2f3f5be9-5ebc-3d4a-a082-82674f6ef0f7.png,Tomato,Tomato_mosaic_virus,36,train
/app/imagenes/a15c6d61-c41d-3b64-9aa9-d6484023d274.png,Tomato,Tomato_mosaic_virus,36,train
/app/imagenes/92607678-1d48-3e1c-8b02-92007d403968.png,Tomato,Tomato_Yellow_Leaf_Curl_Virus,37,train
/app/imagenes/90a29525-3700-3cc8-80e2-32ba72993e7f.png,Tomato,Tomato_Yellow_Leaf_Curl_Virus,37,train
/app/imagenes/fc80ca2e-2a86-3405-8f73-531b84cb5f50.png,Tomato,Tomato_Yellow_Leaf_Curl_Virus,37,train
/app/imagenes/6e46d624-1d90-398c-b282-35f641eb61da.png,Tomato,Tomato_Yellow_Leaf_Curl_Virus,37,train
/app/imagenes/b7f7f817-1c67-39b0-a942-31d1f7842cf5.png,Tomato,Tomato_Yellow_Leaf_Curl_Virus,37,train
/app/imagenes/11d17fe2-04c9-325d-bf31-ba2f01ec92d1.png,Tomato,Tomato_Yellow_Leaf_Curl_Virus,37,train
/app/imagenes/cc321739-7a7b-3179-9c80-3df2021886d3.png,Tomato,Tomato_Yellow_Leaf_Curl_Virus,37,train
/app/imagenes/1181a15e-54a7-3b9e-acd3-9b4d9a60a20c.png,Tomato,Tomato_Yellow_Leaf_Curl_Virus,37,train
/app/imagenes/4e5aa71a-c16b-34cd-ab56-439e5cfa2e70.png,Tomato,Tomato_Yellow_Leaf_Curl_Virus,37,train
/app/imagenes/fed40dd4-62eb-382e-8ad2-ddf3320685b9.png,Tomato,Tomato_Yellow_Leaf_Curl_Virus,37,train
/app/imagenes/f84d6e44-51ac-330f-b2fb-e1226a09fe3c.png,Tomato,Tomato_Yellow_Leaf_Curl_Virus,37,train
/app/imagenes/ab4176e7-5a1e-362d-a802-8c80da54c7a0.png,Tomato,Tomato_Yellow_Leaf_Curl_Virus,37,train
/app/imagenes/df5c200c-bace-3d17-866d-7a66e49e892d.png,Tomato,Tomato_Yellow_Leaf_Curl_Virus,37,train
/app/imagenes/7bf67fab-74ef-3ece-82b0-6e72d7005b28.png,Tomato,Tomato_Yellow_Leaf_Curl_Virus,37,train
/app/imagenes/8577c140-8aaf-34c2-b278-89166c2ac560.png,Tomato,Tomato_Yellow_Leaf_Curl_Virus,37,train
/app/imagenes/8cde800d-e9e6-37b5-a3da-01842ea29640.png,Tomato,Tomato_Yellow_Leaf_Curl_Virus,37,train
/app/imagenes/09ee6a01-13cb-3621-a7ed-69ef4d0ec7e5.png,Tomato,Tomato_Yellow_Leaf_Curl_Virus,37,train
/app/imagenes/a4999f1a-a8a7-3e93-9485-13c6ce2f1f7e.png,Tomato,Tomato_Yellow_Leaf_Curl_Virus,37,train
/app/imagenes/e74d1306-17ad-3a41-aaef-6cfc79093ca0.png,Tomato,Tomato_Yellow_Leaf_Curl_Virus,37,train
/app/imagenes/1c9ef708-d3e2-345c-ac44-acbb8de7e409.png,Tomato,Tomato_Yellow_Leaf_Curl_Virus,37,train
/app/imagenes/de93adef-d31e-34b4-ac19-8cbe5809abcb.png,Tomato,Tomato_Yellow_Leaf_Curl_Virus,37,train
/app/imagenes/4423397b-5227-3e20-831c-8ce78f09e213.png,Tomato,Tomato_Yellow_Leaf_Curl_Virus,37,train
/app/imagenes/62d53221-442b-3b65-86e2-84688fa75d0d.png,Tomato,Tomato_Yellow_Leaf_Curl_Virus,37,train
/app/imagenes/4b4fdae2-ca1b-37c8-84e4-1c9806d54b27.png,Tomato,Tomato_Yellow_Leaf_Curl_Virus,37,train
/app/imagenes/bfea55c7-4f07-36e4-aa2c-055b9fa5f6c3.png,Tomato,Tomato_Yellow_Leaf_Curl_Virus,37,train
/app/imagenes/5ff78217-776d-31e9-995a-5b87f4882961.png,Tomato,Tomato_Yellow_Leaf_Curl_Virus,37,train
/app/imagenes/85d99828-a003-389f-92a7-4a8f0e604500.png,Tomato,Tomato_Yellow_Leaf_Curl_Virus,37,train
/app/imagenes/d5a8b485-f97b-30a5-b949-4487729bffcf.png,Tomato,Tomato_Yellow_Leaf_Curl_Virus,37,train
/app/imagenes/58a6ae35-dfd5-3ed0-96be-0a69ad34f799.png,Tomato,Tomato_Yellow_Leaf_Curl_Virus,37,train
/app/imagenes/89cc15dc-4527-392e-9ab4-657a64ed4b7b.png,Tomato,Tomato_Yellow_Leaf_Curl_Virus,37,train
/app/imagenes/20834186-9c77-31c5-87b3-9162412c8e57.png,Tomato,Tomato_Yellow_Leaf_Curl_Virus,37,train
/app/imagenes/a7f8c885-9b6e-3e62-8339-e3e5349f825f.png,Tomato,Tomato_Yellow_Leaf_Curl_Virus,37,train
/app/imagenes/0ac88527-7f2a-3308-9a73-afbe5a7e3ecb.png,Tomato,Tomato_Yellow_Leaf_Curl_Virus,37,train
/app/imagenes/801e1586-8df2-337a-bcc4-d53fd89af48b.png,Tomato,Tomato_Yellow_Leaf_Curl_Virus,37,train
/app/imagenes/a6fc8262-2fbe-3d13-9ffc-d0c2c18896ba.png,Tomato,Tomato_Yellow_Leaf_Curl_Virus,37,train
/app/imagenes/0aab7875-7575-3851-a3d6-c1661c558ea5.png,Tomato,Tomato_Yellow_Leaf_Curl_Virus,37,train
/app/imagenes/1e581709-9c4b-3ce5-8c33-31970de07d09.png,Tomato,Tomato_Yellow_Leaf_Curl_Virus,37,train
/app/imagenes/97159efc-27a6-37ee-ba10-eba503498571.png,Tomato,Tomato_Yellow_Leaf_Curl_Virus,37,train
/app/imagenes/9f5c7bc6-8acf-33f1-a2f2-8b7b3eb943c1.png,Tomato,Tomato_Yellow_Leaf_Curl_Virus,37,train
/app/imagenes/5a2a187b-bbe2-35a5-b805-9ec97d3e5bd6.png,Tomato,Tomato_Yellow_Leaf_Curl_Virus,37,train
/app/imagenes/9bcd1230-5089-3a4b-9906-a9ae6cee4499.png,Tomato,Tomato_Yellow_Leaf_Curl_Virus,37,train
/app/imagenes/7c8a7d77-0e35-31fc-b5e1-7f712a9862ca.png,Tomato,Tomato_Yellow_Leaf_Curl_Virus,37,train
/app/imagenes/846ec0db-6648-3280-a562-7fdf1974177e.png,Tomato,Tomato_Yellow_Leaf_Curl_Virus,37,train
/app/imagenes/51937057-61ca-3bb5-a116-84346176c9fe.png,Tomato,Tomato_Yellow_Leaf_Curl_Virus,37,train
/app/imagenes/27437200-3da9-335d-9d5a-90bc6a64f83c.png,Tomato,Tomato_Yellow_Leaf_Curl_Virus,37,train
/app/imagenes/f133779d-4fd0-3150-8129-1e86f2eab78b.png,Tomato,Tomato_Yellow_Leaf_Curl_Virus,37,train
/app/imagenes/e5794fa0-e71f-38ab-93a5-e96c9d4c4e46.png,Tomato,Tomato_Yellow_Leaf_Curl_Virus,37,train
/app/imagenes/d543107e-a55e-34dc-ade2-b201fa4843bc.png,Tomato,Tomato_Yellow_Leaf_Curl_Virus,37,train
/app/imagenes/d103d1f2-d1ab-361f-9497-76acecf6e841.png,Tomato,Tomato_Yellow_Leaf_Curl_Virus,37,train
/app/imagenes/c405c9e6-e7e2-3b7e-bb32-978c518a6968.png,Tomato,Tomato_Yellow_Leaf_Curl_Virus,37,train
/app/imagenes/bb6bfb0b-f9ca-3337-85b1-19f260644397.png,Tomato,Tomato_Yellow_Leaf_Curl_Virus,37,train
/app/imagenes/5a35fd53-a94d-3168-afcf-25119ced5089.png,Tomato,Tomato_Yellow_Leaf_Curl_Virus,37,train
/app/imagenes/3465bc70-f242-3a73-81cc-ed254aeaed93.png,Tomato,Tomato_Yellow_Leaf_Curl_Virus,37,train
/app/imagenes/2eca09a0-5aaa-3a9a-b6df-df609bff108f.png,Tomato,Tomato_Yellow_Leaf_Curl_Virus,37,train
/app/imagenes/e732ab7f-ef20-3eef-80b3-9fde552b662e.png,Tomato,Tomato_Yellow_Leaf_Curl_Virus,37,train
/app/imagenes/992b50e4-c216-3082-a14e-cd6e0b812382.png,Tomato,Tomato_Yellow_Leaf_Curl_Virus,37,train
/app/imagenes/a18b244c-27a9-362c-b7f7-bd363d38fd9f.png,Tomato,Tomato_Yellow_Leaf_Curl_Virus,37,train
/app/imagenes/ffbd0715-8c83-3649-a756-66629c8488b9.png,Tomato,Tomato_Yellow_Leaf_Curl_Virus,37,train
/app/imagenes/7b0c32c1-62cf-34a6-a712-cf5492c6e97d.png,Tomato,Tomato_Yellow_Leaf_Curl_Virus,37,train
/app/imagenes/25c63327-9fd3-37cd-bf5d-38ad252bae6b.png,Tomato,Tomato_Yellow_Leaf_Curl_Virus,37,train
/app/imagenes/b4868ef4-665e-35a4-8099-1212f430a60e.png,Tomato,Tomato_Yellow_Leaf_Curl_Virus,37,train
/app/imagenes/eaf5d198-a5c0-3d4a-8459-6c96fe0b9ad8.png,Tomato,Tomato_Yellow_Leaf_Curl_Virus,37,train
/app/imagenes/53e6f2a6-e24f-323e-88ba-0f86aefd43f2.png,Tomato,Tomato_Yellow_Leaf_Curl_Virus,37,train
/app/imagenes/76afb0e9-bc0f-335e-baae-075faf2b26ca.png,Tomato,Tomato_Yellow_Leaf_Curl_Virus,37,train
/app/imagenes/52441f63-bbbc-353f-8f68-d5ff5b98f4e5.png,Tomato,Tomato_Yellow_Leaf_Curl_Virus,37,train
/app/imagenes/079cbf67-5366-38ef-8dfc-f24bf2a7e74e.png,Tomato,Tomato_Yellow_Leaf_Curl_Virus,37,train
/app/imagenes/264a5ec0-2983-3a7e-932f-16e4c2aa8993.png,Tomato,Tomato_Yellow_Leaf_Curl_Virus,37,train
/app/imagenes/e7acc4be-e125-3cf8-9c93-7c6278e7bdfa.png,Tomato,Tomato_Yellow_Leaf_Curl_Virus,37,train
/app/imagenes/bd3e237a-494b-38f2-a84c-d37ffb497af1.png,Tomato,Tomato_Yellow_Leaf_Curl_Virus,37,train
/app/imagenes/bcc79450-f84e-3045-8f69-a08290164db9.png,Tomato,Tomato_Yellow_Leaf_Curl_Virus,37,train
